fid,Grid_area,combined_layer_biodiversity_Unique_natural_habitats,combined_layer_biodiversity_Weighed_road_segment_length,combined_layer_biodiversity_Zones_of_protected_natural_areas,combined_layer_biodiversity_Floodplain_biotope_value,combined_layer_biodiversity_Ecological_corridors,combined_layer_biodiversity_Natural_floodplain_restoration_potential,combined_layer_biodiversity_Proportion_natural_habitat,combined_layer_biodiversity_Built_up_area,combined_layer_QoL_Access to public facilities_n_public_functions,combined_layer_QoL_Access to stream_n_integrated_road_network,combined_layer_QoL_Access with public transport_n_public_transport_access,combined_layer_QoL_PM10_air_quality_PM10_norm_round,combined_layer_QoL_PM25_air_quality_PM25_normnew,combined_layer_QoL_NO2_air_quality_NO2_norm_rounded,combined_layer_QoL_Percentage_tree_cover_perc_treecover,combined_layer_QoL_Access to public green space_public_space_access_norm,combined_layer_QoL_BaP_air_quality_norm,combined_layer_QoL_BzN_final_newgrid_BZN_norm,combined_layer_QoL_Air_pollution,combined_layer_CA_NDVI_inverted,combined_layer_CA_NDVI,combined_layer_CA_Impervious_surfaces,combined_layer_CA_Flood_damage_risk,combined_layer_CA_land_surface_temperature_norm
1,9999.08809350431,0.3,,0.75,0,0.1,0,0.7,0,,0.1,0.1,0.2,0.2,0.2,0.5,,0.1,1,0.4,0.3,0.4,0,,0.7
2,9999.05321459472,0.4,,0.75,0,0,0,0.2,0,,0.1,,0.2,0.2,0.1,1,,0,0.4,0.2,0.2,0.5,0,,0.6
3,9999.05776032805,0.4,,0.75,0,0,0,0.5,0,,,,0.2,0.2,0.1,1,,0.1,0.4,0.2,0.2,0.5,0,,0.7
4,9999.06229268014,0.5,,0.75,0,0,0,0.3,0,,,,0.2,0.12,0.1,1,,0.1,0.4,0.2,0.2,0.5,0,,0.7
5,9999.06683270633,0.4,,0.75,0,0,0,0.3,0,,0.1,,0.2,0.12,0.1,0.1,,0.1,0.4,0.2,0.2,0.5,0,,0.7
6,9999.08494397998,0.1,,0.75,0,0.5,0,0,0,,,0.1,0.2,0.2,0.2,0.9,,0.1,1,0.4,0.2,0.5,0,,0.7
7,9999.04549691081,0.8,,0.75,0,0.8,0,0.9,0,,0.2,,0.2,0.2,0.1,0.6,,0,0.4,0.2,0.2,0.5,0,,0.6
8,9999.05003483593,0.5,,0.25,0,0.1,0,0.2,0.1,,0.4,,0.2,0.2,0.1,0.3,,0.1,0.4,0.2,0.4,0.4,0.1,,0.6
9,9999.0545886904,0.4,,0.25,0,0.1,0.1,0.1,0.1,,0.2,,0.2,0.2,0.1,0.3,,0.1,0.4,0.2,0.3,0.4,0.2,,0.7
10,9999.05912542343,0.1,,0.75,0.1,0,0.2,0.1,0,,0.2,,0.2,0.2,0.1,0.6,,0.1,0.4,0.2,0.3,0.4,0,,0.7
11,9999.06366917491,0.4,,0.75,0.1,0,0.1,0.3,0,,0,,0.2,0.12,0.1,1,,0.1,0.4,0.2,0.2,0.5,0,,0.7
12,9999.0682015419,0.3,,0.75,0,0,0,0.4,0,,,,0.2,0.12,0.1,0.6,,0.1,0.4,0.2,0.2,0.5,0,,0.7
13,9999.07273621857,0.3,,0.75,0,0,0,0.6,0,,,,0.2,0.2,0.1,0.2,,0.1,0.4,0.2,0.2,0.5,0,,0.7
14,9999.07726596296,0.1,,0.75,0,0.1,0,0.1,0,,,,0.2,0.2,0.1,0.8,,0.1,0.4,0.2,0.2,0.5,0,0,0.7
15,9999.03319892287,0.1,,0.25,0,0,0,0.2,0,,0.3,,0.2,0.2,0.1,0,,0,1,0.3,0.3,0.4,0,0,0.6
16,9999.03775812685,0.1,,0.75,0,0,0.2,0.6,0,,0.1,,0.2,0.2,0.1,0.2,,0.1,0.4,0.2,0.3,0.4,0,,0.6
17,9999.04231753945,0.3,,0.25,0,0,0,0.3,0.1,,0.2,,0.2,0.2,0.1,0.4,,0.1,0.4,0.2,0.3,0.4,0.1,,0.6
18,9999.04686523974,0.3,0.5,0.25,0,0.1,0,0.2,0.1,,0.2,,0.2,0.2,0.1,0,,0.1,0.4,0.2,0.3,0.4,0.1,,0.6
19,9999.05141483247,0.3,0.5,0.25,0,0,0,0.5,0,,0.2,,0.2,0.2,0.1,0.2,,0.1,0.4,0.2,0.3,0.4,0,0,0.7
20,9999.05596460402,0.3,0.2,0.25,0.1,0,0.4,0.5,0.1,,0,,0.2,0.2,0.1,0,,0.1,0.4,0.2,0.4,0.3,0.3,0.5,0.7
21,9999.06049780548,0.1,,0.25,0.4,0,0.6,0.2,0,,,,0.2,0.12,0.1,0,,0.1,0.4,0.2,0.4,0.3,0.2,0,0.7
22,9999.0650370419,0.5,,0.75,0,0.1,0.6,0.3,0,,,,0.2,0.12,0.1,0.4,,0.1,0.4,0.2,0.3,0.4,0.2,0,0.7
23,9999.06957186759,0.3,,0.75,0,0.1,0.1,0.4,0.1,,,,0.2,0.2,0.1,0.5,,0.1,0.4,0.2,0.3,0.4,0.2,,0.7
24,9999.03001093864,,,0.25,0,0,0.2,0,0,,,,0.2,0.2,0.1,0,,0.1,1,0.3,0.3,0.4,0,0,0.6
25,9999.03457660973,,,0.25,0,0.1,0.6,0,0,,0.1,,0.2,0.2,0.1,0.1,,0.1,1,0.3,0.3,0.4,0,0,0.6
26,9999.03913009167,,0.4,0.25,0,0.1,0,0,0.1,,0.2,,0.2,0.2,0.1,0,,0.1,0.4,0.2,0.4,0.4,0.2,1,0.6
27,9999.04368886352,0.1,0.3,0.25,0,0,0,0,0,,0.1,,0.2,0.2,0.1,0.8,,0.1,0.4,0.2,0.3,0.4,0.1,0.5,0.6
28,9999.04823759198,0.1,,0.25,0,0,0,0.7,0,,,,0.2,0.2,0.1,0.1,,0.1,0.4,0.2,0.2,0.5,0,0.5,0.7
29,9999.05278922617,0.1,0.6,0.25,0,0,0,0.5,0,,0,,0.2,0.2,0.1,0,,0.1,0.4,0.2,0.3,0.4,0,0.5,0.7
30,9999.05732990801,0.3,0.5,0.25,0,0,0,0.1,0,,0.1,,0.2,0.12,0.1,0,,0.1,0.4,0.2,0.4,0.4,0.3,0.5,0.7
31,9999.06187176704,,0.5,0.25,0,0,0.3,0,0.1,,0,,0.2,0.12,0.1,0.1,,0.1,0.4,0.2,0.5,0.3,0.6,0.5,0.7
32,9999.06640557945,0.1,0.4,0.25,0,0,0,0.2,0.1,,0,,0.2,0.12,0.1,0.3,,0.1,0.4,0.2,0.4,0.4,0.4,1,0.6
33,9999.02225826681,0.3,,0.75,0,0,0,0.8,0,,,,0.2,0.2,0.1,0,,0.1,1,0.4,0.3,0.4,0,0,0.6
34,9999.02682779729,0.1,,0.25,0,0,0,0,0.1,,0,,0.2,0.2,0.1,0,,0.1,1,0.3,0.4,0.4,0.1,0,0.6
35,9999.03139676154,0.1,0.3,0.25,0,0.1,0,0,0,,0.1,,0.2,0.2,0.1,0.5,,0.1,1,0.3,0.3,0.4,0,0,0.6
36,9999.03595909476,0.3,0.5,0.25,0,0,0,0.5,0,,0,,0.2,0.2,0.1,0,,0.1,1,0.3,0.3,0.4,0,0.5,0.6
37,9999.04051074386,0.1,,0.25,0,0,0,0.9,0,,,,0.2,0.2,0.1,0,,0.1,0.4,0.2,0.3,0.4,0,0.5,0.6
38,9999.01449665427,0.4,,0.75,0,0,0,0.8,0,,0,,0.2,0.2,0.1,0,,0.1,1,0.4,0.3,0.4,0,,0.6
39,9999.01907069981,0.4,,0.75,0,0,0,0.6,0,,,,0.2,0.2,0.1,0,,0.1,1,0.4,0.3,0.4,0,,0.6
40,9999.02364036441,0.1,0.3,0.25,0,0,0.2,0,0.1,,0.4,,0.2,0.2,0.1,0,,0.1,1,0.3,0.4,0.4,0.1,,0.6
41,9999.0282074362,0.3,0.4,0.25,0,0,0,0.1,0.1,,0.1,,0.2,0.2,0.1,0,,0.1,1,0.3,0.5,0.3,0.4,1,0.6
42,9999.03276903927,0.4,,0.25,0,0,0,0.6,0.1,,0.1,,0.2,0.2,0.1,0,,0.1,1,0.3,0.4,0.4,0.1,1,0.6
43,9998.99755297601,0.1,,0.75,0,0,0,0.5,0,,0.1,,0.3,0.2,0.1,0,,0.1,1,0.4,0.3,0.4,0,,0.7
44,9999.00214251876,0.3,,0.75,0,0.3,0,0.3,0,,0.5,,0.3,0.2,0.1,0,,0.1,1,0.4,0.3,0.4,0,,0.6
45,9999.00671823323,0.6,,0.75,0,1,0,0.7,0,,0,,0.3,0.2,0.1,0,,0.1,1,0.4,0.2,0.5,0,,0.6
46,9999.01130501926,0.5,,0.75,0.4,0.9,0.1,0.9,0,,0.1,,0.2,0.2,0.1,0,,0.1,1,0.4,0.2,0.5,0,,0.6
47,9999.01587952673,0.3,0.5,0.25,0.5,0.3,0.6,0.2,0,,0.3,,0.2,0.2,0.1,0,,0.1,1,0.4,0.3,0.4,0,,0.6
48,9999.0204500109,0.1,0.4,0.25,0,0,0.3,0.1,0.1,,0.5,,0.2,0.2,0.1,0.1,,0.1,1,0.4,0.3,0.4,0.1,0.5,0.6
49,9999.02502323687,0.3,,0.25,0,0,0,0.2,0.1,,0,,0.2,0.2,0.1,0,,0.1,1,0.3,0.4,0.4,0.2,0.5,0.6
50,9998.94825977087,0.1,,0.25,0,0,0,0.3,0,,0.1,,0.2,0.2,0.1,0.4,,0.1,1,0.3,0.3,0.4,0,,0.5
51,9998.95288525522,0.3,,0.25,0,0,0,0.2,0,,0.1,,0.2,0.2,0.1,0,,0,1,0.4,0.3,0.4,0,,0.7
52,9998.98975658417,0.4,,0.75,0,0,0,0.7,0,,,,0.3,0.2,0.1,0,,0.1,1,0.4,0.3,0.4,0,,0.7
53,9998.99434901774,0.3,,0.75,0,0,0,0,0,,0.1,,0.3,0.2,0.1,0,,0.1,1,0.4,0.2,0.5,0,,0.6
54,9998.9989323318,,0.3,0.25,0,0.1,0,0,0.1,,0.4,,0.3,0.2,0.1,0,,0.1,1,0.4,0.3,0.4,0.1,,0.6
55,9999.00352950394,0.5,0.6,0.25,0.3,0.4,0.2,0.3,0,,0.2,,0.3,0.2,0.1,0.5,,0.1,1,0.4,0.4,0.4,0,,0.6
56,9999.00810341537,0.5,0.5,0.25,0.7,0.4,0.6,0.4,0,,0,,0.2,0.2,0.1,0.8,,0.1,1,0.4,0.4,0.4,0.2,0,0.6
57,9999.01268737018,0.3,0.3,0.25,0.3,0,0.3,0.6,0,,0.1,,0.2,0.2,0.1,0.8,,0.1,1,0.4,0.3,0.4,0,0.5,0.6
58,9999.01725937426,0.3,,0.25,0,0,0.1,0.3,0,,0.1,,0.2,0.2,0.1,0,,0.1,1,0.4,0.3,0.4,0,0.5,0.6
59,9999.02183800936,0.4,,0.75,0,0,0,1,0,,0.3,,0.2,0.2,0.1,0,,0.1,1,0.3,0.3,0.4,0,1,0.6
60,9998.93576477468,0.3,,0.75,0,0,0,0.5,0,,0.2,,0.2,0.2,0.1,0.8,,0.1,1,0.3,0.2,0.5,0,,0.5
61,9998.94039310515,0.1,0.4,0.25,0,0,0,0.1,0.1,,0.6,,0.2,0.2,0.1,0,,0.1,1,0.4,0.4,0.4,0.1,,0.5
62,9998.94502685964,,0.5,0.25,0,0,0,0,0.1,,0.5,,0.2,0.2,0.1,0,,0.1,1,0.4,0.3,0.4,0.1,,0.5
63,9998.94965033233,0.1,0.5,0.25,0,0,0,0.2,0.1,,0.2,,0.2,0.2,0.1,0,,0,1,0.4,0.4,0.4,0,,0.7
64,9998.9542748332,,0.2,0.25,0,0,0,0,0.1,,0.3,,0.2,0.2,0.1,0,,0,1,0.4,0.4,0.3,0.3,,0.7
65,9998.95889465511,0.1,,0.25,0,0,0,0.1,0.1,,0.4,,0.2,0.2,0.1,0,,0,1,0.4,0.4,0.4,0.1,0.5,0.7
66,9998.96351598203,0.3,,0.25,0,0,0,0.4,0,,0.1,,0.2,0.2,0.1,0.1,,0,1,0.4,0.2,0.5,0,,0.7
67,9998.96812561154,0.1,,0.75,0,0,0,0.7,0,,,,0.2,0.2,0.1,1,,0,1,0.3,0.1,0.5,0,,0.7
68,9998.97733990848,0.1,,0.75,0,0,0,0.4,0,,,,0.2,0.2,0.1,0.5,,0.1,1,0.4,0.1,0.6,0,,0.7
69,9998.98194941878,0.3,,0.75,0,0,0,0.9,0,,0,,0.2,0.2,0.1,0,,0.1,1,0.4,0.3,0.4,0,,0.6
70,9998.98654510081,0.3,,0.25,0,0,0,0.4,0,,1,,0.3,0.2,0.1,0,,0.1,1,0.4,0.3,0.4,0,,0.6
71,9998.99114207923,0.3,0.6,0.25,0,0.1,0,0.1,0.1,,0.7,,0.3,0.2,0.1,0.3,,0.1,1,0.4,0.4,0.4,0.1,,0.6
72,9998.99573306739,0.4,0.3,0.25,0,0,0,0.4,0.1,,0,,0.3,0.2,0.1,0.2,,0.1,1,0.4,0.4,0.4,0.2,0,0.6
73,9999.00032439828,0.3,,0.75,0,0.3,0,0.9,0,,,,0.3,0.2,0.1,0.2,,0.1,1,0.4,0.2,0.5,0,0,0.6
74,9999.00490936637,0.3,,0.75,0,0,0,1,0,,,,0.2,0.2,0.1,0.2,,0.1,1,0.4,0.3,0.4,0,1,0.6
75,9999.0094909519,0.1,,0.75,0,0,0,0.3,0,,0.5,,0.2,0.2,0.1,0,,0.1,1,0.4,0.3,0.4,0,0.5,0.6
76,9998.92323808372,0.1,,0.25,0,0.1,0,0.2,0.1,,,,0.2,0.2,0.1,0.1,,0.1,1,0.3,0.4,0.4,0.2,0.5,0.5
77,9998.92788177729,0.1,0.5,0.25,0,0,0,0.5,0,,0.1,,0.2,0.2,0.1,0.8,,0.1,1,0.3,0.3,0.4,0,,0.5
78,9998.93251761794,0.1,0.5,0.25,0,0,0,0,0,,0.3,,0.2,0.2,0.1,0,,0.1,1,0.4,0.3,0.4,0,,0.5
79,9998.93715772033,,0.2,0.25,0,0.1,0,0,0.1,,0.1,,0.2,0.2,0.1,0,,0.1,1,0.4,0.3,0.4,0.2,,0.5
80,9998.94178514183,0.1,,0.25,0,0.1,0,0.3,0.1,,0.4,,0.2,0.2,0.1,0,,0.1,1,0.4,0.4,0.4,0.2,,0.5
81,9998.94642184675,0.1,,0.25,0,0,0,0.5,0,,0.1,,0.2,0.2,0.1,0,,0.1,1,0.4,0.4,0.3,0.3,0,0.6
82,9998.95104838908,,0.6,0.25,0,0.1,0,0,0.1,,0.7,,0.2,0.2,0.1,0.2,,0,1,0.4,0.4,0.3,0.3,0,0.7
83,9998.95567680895,,0.6,0.25,0,0.1,0,0,0.1,,0.3,,0.2,0.2,0.1,0,,0,1,0.4,0.4,0.4,0.1,0.5,0.7
84,9998.96028859913,0.1,0.4,0.25,0,0.1,0,0,0.1,,0.3,,0.2,0.2,0.1,0,,0,1,0.4,0.4,0.4,0.2,,0.7
85,9998.96490991116,0.1,0.2,0.25,0,0,0,0.1,0.1,,0.1,,0.2,0.2,0.1,0,,0,1,0.3,0.3,0.4,0.3,,0.6
86,9998.9695212096,0.1,,0.25,0,0,0,0.2,0.1,,0.1,,0.2,0.2,0.1,0,,0.1,1,0.4,0.3,0.4,0.1,,0.6
87,9998.9741281718,0.1,,0.25,0,0,0.1,0.1,0.1,,0.1,,0.2,0.2,0.1,0,,0.1,1,0.4,0.3,0.4,0.1,,0.6
88,9998.97873109579,0.3,,0.25,0,0,0,0.1,0.1,,0.4,,0.2,0.2,0.1,0.1,,0.1,1,0.4,0.3,0.4,0.2,,0.6
89,9998.98333805799,0.3,,0.25,0,0.1,0,0.1,0.1,,0.7,,0.3,0.2,0.1,0,,0.1,1,0.4,0.4,0.4,0.3,,0.6
90,9998.98793840408,0.4,0.8,0.75,0,0,0,0.1,0,,0.2,,0.3,0.2,0.1,1,,0.1,1,0.4,0.2,0.5,0,,0.6
91,9998.99253115058,0.3,,0.75,0,0,0,0.9,0,,,,0.3,0.2,0.1,0.2,,0.1,1,0.4,0.3,0.4,0,0,0.6
92,9998.9199924171,0.1,,0.25,0,0,0,0.2,0,,,,0.2,0.2,0.1,0.4,,0.1,1,0.3,0.3,0.4,0.1,0.5,0.5
93,9998.92463387549,0.3,0,0.25,0,0.1,0,0,0.1,,0.1,,0.2,0.2,0.1,0.2,,0.1,1,0.4,0.3,0.4,0.1,0.5,0.5
94,9998.9292833209,,0.2,0.25,0,0.1,0,0,0.1,,0.6,,0.2,0.2,0.1,0,,0.1,1,0.4,0.4,0.4,0.1,0,0.5
95,9998.93392056227,,0.6,0.25,0,0,0,0,0.1,,0.3,,0.2,0.2,0.1,0,,0.1,1,0.4,0.5,0.3,0.5,0,0.5
96,9998.9385548979,0.3,1,0.25,0,0,0,0.2,0.1,,0.5,,0.2,0.2,0.1,0.3,,0.1,1,0.4,0.5,0.3,0.6,0,0.5
97,9998.94319060445,0.3,1,0.25,0,0,0,0.2,0,,0.2,,0.2,0.2,0.1,1,,0.1,1,0.4,0.3,0.4,0.1,0.5,0.6
98,9998.94781517982,,0.6,0.25,0,0,0,0,0.1,,0.6,,0.2,0.2,0.1,0.3,,0.1,1,0.4,0.4,0.4,0.2,0.5,0.6
99,9998.95244243741,,0.6,0.25,0,0,0,0,0.2,,0.6,,0.2,0.2,0.1,0,,0,1,0.4,0.6,0.3,0.7,0.5,0.6
100,9998.95706562698,,0.2,0.25,0,0,0,0,0.1,,0.6,,0.2,0.2,0.1,0,,0,1,0.4,0.5,0.3,0.5,0,0.6
101,9998.96168196201,,0.6,0.25,0,0.1,0,0,0.1,,0.5,,0.2,0.2,0.1,0,,0,1,0.4,0.4,0.3,0.3,0,0.6
102,9998.96629951894,0.1,0.8,0.25,0,0.1,0,0.2,0,,0.4,,0.2,0.2,0.1,0.6,,0.1,1,0.4,0.3,0.4,0.1,,0.6
103,9998.97091640532,0.1,0.4,0.25,0,0.1,0.1,0.3,0.1,,0.1,,0.2,0.2,0.1,0.5,,0.1,1,0.4,0.4,0.4,0.3,,0.6
104,9998.97552014887,0.4,0.4,0.25,0,0,0,0.3,0.1,,0.1,,0.2,0.2,0.1,0.4,,0.1,1,0.4,0.4,0.4,0.4,,0.6
105,9998.9801248759,,0.5,0.25,0,0,0,0,0.2,,0.5,,0.3,0.2,0.1,0,,0.1,1,0.4,0.5,0.3,0.4,,0.6
106,9998.9847227782,0.3,1,0.25,0,0,0,0.2,0.1,,0.4,,0.3,0.2,0.1,0.3,,0.1,1,0.4,0.3,0.4,0.1,,0.6
107,9998.91673856974,0.1,,0.25,0,0,0,0.4,0,,,,0.2,0.2,0.1,0.9,,0.1,1,0.4,0.2,0.5,0,,0.5
108,9998.92139060795,0.4,0.2,0.75,0,0,0,0.6,0,,0.2,,0.2,0.2,0.1,0.5,,0.1,1,0.4,0.3,0.4,0,,0.5
109,9998.92603772879,0.3,0.3,0.25,0,0,0,0,0.1,,0.5,,0.2,0.2,0.1,0.4,,0.1,1,0.4,0.3,0.4,0.1,,0.5
110,9998.93067727983,0.3,,0.25,0,0,0,0.3,0.1,,0.2,,0.2,0.2,0.1,0.1,,0.1,1,0.4,0.4,0.4,0.3,,0.4
111,9998.9538410008,0.1,0.7,0.25,0,0,0,0.2,0.1,,0.2,,0.2,0.2,0.1,0.8,,0,1,0.4,0.4,0.4,0.2,,0.6
112,9998.95845420659,,0.4,0.25,0,0,0,0,0.1,,0.3,,0.2,0.2,0.1,0.6,,0.1,1,0.3,0.4,0.4,0.2,,0.6
113,9998.96308152378,0.1,,0.25,0,0,0,0.2,0,,0.1,,0.2,0.2,0.1,1,,0.1,1,0.4,0.2,0.5,0,,0.6
114,9998.96768790483,0.3,,0.25,0,0,0,0.1,0,,,,0.2,0.2,0.1,0,,0.1,1,0.4,0.4,0.4,0.4,,0.6
115,9998.97230552137,0.3,,0.25,0,0,0,0.8,0,,,,0.2,0.2,0.1,0.3,,0.1,1,0.4,0.2,0.5,0,,0.6
116,9998.97690917552,0.3,0.3,0.25,0,0,0,0,0.1,,0.2,,0.2,0.2,0.1,0.8,,0.1,1,0.4,0.3,0.4,0,,0.6
117,9998.98151375353,0.1,0.3,0.75,0,0,0,0.8,0,,0.2,,0.3,0.2,0.1,1,,0.1,1,0.4,0.2,0.5,0,,0.6
118,2493.17131964117,,0.2,0,0,0,0,0.5,0,0,0.4,0.3,0.3,0.2,0.3,0.8,0.7,0.3,1,0.5,0.1,0.5,0,,0.8
119,2498.32342223823,,0.1,0,0,0,0,0,0,,0.1,0.3,0.3,0.4,0.3,0.4,0.8,0.3,1,0.5,0.2,0.5,0,,0.8
120,2498.32396977303,0.1,,0,0,0,0,0,0,,0,0.3,0.3,0.4,0.3,1,0.8,0.3,1,0.5,0.1,0.6,0,,0.8
121,2494.64777240157,,,0,0,0,0,1,0,,,0.3,0.3,0.4,0.3,1,0.6,0.3,1,0.5,0.1,0.5,0,,0.8
122,2499.80291648954,,0.3,0,0,0,0,0.3,0,,0.1,0.3,0.3,0.4,0.3,0.6,0.7,0.3,1,0.5,0.2,0.5,0,,0.8
123,2499.80346678942,0.5,0,0,0,0,0,0.5,0,,0,0.3,0.3,0.4,0.6,0.3,0.8,0.3,1,0.6,0.1,0.5,0,,0.8
124,2499.79892346487,,,0,0,0,0,1,0,,,0.3,0.3,0.4,0.3,1,0.6,0.3,1,0.5,0.1,0.5,0,,0.8
125,2499.80253323168,,,0,0,0,0.1,0.6,0,,0.1,0.3,0.3,0.4,0.6,1,0.6,0.3,1,0.6,0.1,0.5,0,,0.8
126,2499.80308551341,0.5,0.2,0,0.7,0,0.7,0.1,0,,0.1,0.3,0.3,0.4,0.6,0,0.7,0.3,1,0.6,0.3,0.4,0.2,,0.8
127,2498.32451923937,,,0,0,0,0,0,0,,0,0.3,0.3,0.4,0.6,1,0.8,0.3,1,0.6,0.1,0.6,0,0.5,0.8
128,2498.32507532513,,,0,0,0,0,0.1,0,,0,0.3,0.3,0.4,0.6,1,0.8,0.3,1,0.6,0.1,0.5,0,0.5,0.8
129,2499.80402322859,0.1,,0,0,0,0.5,0.8,0,,,0.3,0.3,0.4,0.6,1,0.8,0.3,1,0.6,0.1,0.5,0,0.5,0.8
130,2499.80457612872,0.1,,0,0,0,0.2,0.7,0,,,0.3,0.3,0.4,0.6,1,0.8,0.3,1,0.6,0.1,0.5,0,0.5,0.8
131,2499.80364205688,0.5,,0,0.7,0,0.9,0.5,0,0,,0.3,0.3,0.4,0.6,0.4,0.8,0.3,1,0.6,0.2,0.5,0,0.5,0.8
132,2499.80418773741,0.5,,0,0,0,0.1,0.7,0.3,0.1,,0.3,0.3,0.4,0.6,0,0.8,0.3,1,0.6,0.5,0.3,0.5,0.5,0.8
133,2498.32562528551,,,0,0,0,0,0.2,0,,0.1,0.3,0.3,0.4,0.6,1,0.4,0.3,1,0.6,0.1,0.6,0,0.5,0.8
134,2498.32617144562,0.1,,0,0,0,0,0,0,,0.2,0.3,0.3,0.4,0.6,0.9,0.4,0.3,1,0.6,0.1,0.6,0,0.5,0.8
135,2499.80512162298,0.1,,0,0,0,0,0.6,0,,,0.3,0.3,0.4,0.6,1,0.8,0.3,1,0.6,0.1,0.5,0,0.5,0.8
136,2499.80567352474,0.5,,0,0,0,0,0.8,0,,,0.3,0.3,0.4,0.6,1,0.8,0.3,1,0.6,0.1,0.5,0,0.5,0.8
137,2499.80474116653,0.5,,0,0,0,0.1,1,0,,,0.3,0.3,0.4,0.6,0.1,0.8,0.3,1,0.6,0.2,0.5,0.1,0.5,0.8
138,2499.80529241264,0.5,,0,0,0,0.2,1,0,,,0.3,0.3,0.4,0.6,1,0.8,0.3,1,0.6,0.1,0.5,0,0.5,0.8
139,2498.32672626525,,,0,0,0,0,0.1,0,0.1,0,0.3,0.3,0.4,0.6,0,0.1,0.3,1,0.6,0.2,0.5,0,0,0.8
140,2498.32727376744,,,0,0,0,0,0.6,0.1,0.1,0.2,0.3,0.3,0.4,0.6,0.2,0.1,0.3,1,0.6,0.2,0.5,0.1,0,0.8
141,2499.80623014271,0.1,,0,0,0,0,0.4,0,0.1,0.2,0.3,0.3,0.4,0.6,0.6,0.8,0.3,1,0.6,0.2,0.5,0,0,0.8
142,2499.80677616596,,,0,0,0,0,0,0.1,0.2,0.2,0.3,0.3,0.4,0.6,0,,0.3,1,0.6,0.5,0.3,0.3,0,0.8
143,2499.80584730208,0.1,,0,0,0,0.2,0.7,0.1,0,0,0.3,0.3,0.4,0.6,0.5,0.8,0.3,1,0.6,0.2,0.5,0,0,0.8
144,2499.8063922897,,,0,0,0,0,0,0.5,0.1,0.1,0.3,0.3,0.4,0.6,0,,0.3,1,0.6,0.7,0.2,0.8,0,0.8
145,2498.32782915235,,,0,0,0,0,0.2,0.1,0.2,0.1,0.1,0.3,0.4,0.6,0,0.1,0.3,1,0.6,0.5,0.3,0.5,0.5,0.8
147,2499.80732931197,,0.1,0,0,0,0,0,0.1,0.1,0.1,0.1,0.3,0.4,0.6,0,,0.3,1,0.6,0.7,0.2,0.9,0.5,0.8
149,2499.80694846064,0.1,0.2,0,0,0,0,0.2,0.2,0,0.3,0.1,0.3,0.4,0.6,0,0,0.3,1,0.6,0.7,0.2,1,0.5,0.8
151,2493.16945300251,,,0,0,0,0,1,0,,,0.3,0.3,0.4,0.3,1,0.6,0.3,1,0.5,0,0.6,0,,0.8
152,2498.32154599577,,,0,0,0,0,1,0,,,0.3,0.3,0.4,0.3,1,0.6,0.3,1,0.5,0.1,0.5,0,,0.8
153,2494.64590056986,,,0,0,0,0,1,0,,,0.3,0.3,0.4,0.3,1,0.6,0.3,1,0.5,0.1,0.6,0,,0.8
154,2499.80103591084,,,0,0,0,0,1,0,,,0.3,0.3,0.4,0.3,1,0.6,0.3,1,0.5,0.1,0.6,0,,0.8
155,2499.80160137266,,,0,0,0,0,0.8,0,,0,0.3,0.3,0.4,0.3,1,0.6,0.3,1,0.5,0.1,0.6,0,,0.8
156,2494.64551521689,,,0,0,0,0,1,0,,0,0.3,0.3,0.4,0.3,1,0.3,0.3,1,0.5,0.1,0.5,0,,0.8
157,2499.8006547913,,,0,0,0,0.2,0.7,0,,0.2,0.3,0.3,0.4,0.3,0.6,0.3,0.3,1,0.5,0.1,0.5,0,,0.8
158,2499.80120939016,,,0,0,0,0.8,0,0,,0.2,0.3,0.3,0.4,0.6,0.1,0.3,0.3,1,0.6,0.2,0.5,0,,0.8
159,2499.80214348435,,0.1,0,0,0,0.6,0,0,,0.3,0.3,0.3,0.4,0.6,0.7,0.6,0.3,1,0.6,0.2,0.5,0,0.5,0.8
160,2499.80270341784,,0.5,0,0.6,0,0.6,0,0,,0.4,0.3,0.3,0.4,0.6,0,0.7,0.3,1,0.6,0.6,0.2,0.5,0.5,0.8
161,2499.80176019669,,0.2,0,0,0,0.4,0,0,,0.2,0.3,0.3,0.4,0.6,0.3,0.5,0.3,1,0.6,0.3,0.4,0,0.5,0.8
162,2499.80231210589,0.1,,0,0,0,0,0.1,0,,0.2,0.3,0.3,0.4,0.6,0.6,0.4,0.3,1,0.6,0.3,0.4,0,0.5,0.8
163,2499.80324932188,0.1,0.2,0,0.3,0,0.3,0.1,0,0,0.3,0.3,0.3,0.4,0.6,0.3,0.6,0.3,1,0.6,0.4,0.3,0.5,1,0.8
164,2499.80380246043,0.5,0.1,0,0,0,0,0.1,0,0.1,0.1,0.3,0.3,0.4,0.6,0.1,0.4,0.3,1,0.6,0.5,0.3,0.2,1,0.8
165,2499.80286943167,0.5,,0,0,0,0,0.8,0.1,0.2,0.2,0.3,0.3,0.4,0.6,0.5,0.4,0.3,1,0.6,0.3,0.4,0.1,1,0.8
166,2499.80341510475,0.5,0.3,0,0,0,0,0.9,0,,0.2,0.3,0.3,0.4,0.6,1,0.4,0.3,1,0.6,0.2,0.5,0,1,0.8
167,2499.80436035246,0.5,,0,0,0,0.2,0.6,0.2,0,,0.3,0.3,0.4,0.6,0,0.8,0.3,1,0.6,0.6,0.2,0.8,1,0.8
168,2499.80490842462,0.8,,0,0,0,0.8,1,0.1,0.1,,0.3,0.3,0.4,0.6,0,0.8,0.3,1,0.6,0.3,0.4,0.3,1,0.8
169,2499.80397221446,0.1,0.2,0,0,0,0,0.3,0.1,0,0.1,0.3,0.3,0.4,0.6,0.8,0.4,0.3,1,0.6,0.4,0.4,0.2,1,0.8
170,2499.80452473462,0.5,0.1,0,0,0,0,0.1,0.1,0.1,0.1,0.3,0.3,0.4,0.6,0.6,,0.3,1,0.6,0.4,0.4,0.2,1,0.8
171,2499.8054535538,0.5,,0,0,0,0.1,0.6,0.2,0.1,0.1,0.3,0.3,0.4,0.6,0,0.8,0.3,1,0.6,0.5,0.3,0.3,1,0.8
172,2499.80601264536,,,0,0.1,0,0,0,0.2,0.1,,0.3,0.3,0.4,0.6,0,,0.3,1,0.6,0.5,0.3,0.3,1,0.8
173,2499.80507337302,0.1,,0,0,0,0,0.1,0.2,0.3,0.1,0.3,0.3,0.4,0.6,0,,0.3,1,0.6,0.6,0.2,0.8,1,0.8
174,2499.80562956631,,,0,0.7,0,0,0,0.4,0.1,,0.1,0.3,0.4,0.6,0,,0.3,1,0.6,0.7,0.2,0.8,1,0.8
175,2499.80656220019,0.1,0.3,0,0.2,0,0,0.7,0,0.1,0.3,0.1,0.3,0.4,0.6,0,0,0.3,1,0.6,0.6,0.3,0.5,0.5,0.8
177,2499.80617707223,0.5,0.4,0,0.8,0,0,0.3,0,,0.3,0.1,0.3,0.4,0.6,0,0,0.3,1,0.6,0.6,0.2,0.7,0.5,0.9
179,2494.64512988925,,,0,0,0,0,0.7,0,,0.1,0.6,0.3,0.4,0.3,1,0.3,0.3,1,0.5,0.1,0.5,0,0.5,0.8
180,2499.80026824772,,,0,0,0,0,0,0,,0,0.6,0.3,0.4,0.6,0.5,0,0.3,1,0.6,0.3,0.4,0,0.5,0.8
181,2499.80082410574,,0.1,0,0,0,0.3,0,0.1,0,0.1,0.6,0.3,0.4,0.6,0,0.6,0.3,1,0.6,0.4,0.4,0.3,0.5,0.8
182,2494.6447468191,,,0,0,0,0,0,0,,0,0.6,0.3,0.4,0.6,0.7,0,0.3,1,0.6,0.3,0.4,0,0.5,0.8
183,2499.79987969249,,,0,0,0,0,0,0,,0.1,0.6,0.3,0.4,0.6,0.5,,0.3,1,0.6,0.4,0.4,0,0.5,0.8
184,2499.80043869466,,0.2,0,0,0,0,0,0.1,0.1,0.2,0.6,0.3,0.4,0.6,0,,0.3,1,0.6,0.5,0.3,0.6,0.5,0.8
185,2499.80137625337,,0.3,0,0,0,0,0,0,,0.1,0.6,0.3,0.4,0.6,0,0.4,0.3,1,0.6,0.3,0.4,0,1,0.8
186,2499.80193106085,,,0,0,0,0,0,0,0.5,0,0.6,0.3,0.4,0.6,0.7,0.4,0.3,1,0.6,0.2,0.5,0,1,0.8
187,2499.80099053681,,0.3,0,0,0,0,0,0.1,0.1,0.1,0.6,0.3,0.4,0.6,0,0.4,0.3,1,0.6,0.4,0.4,0.2,1,0.8
188,2499.8015422225,,,0,0,0,0,0,0,0,0.1,0.6,0.3,0.4,0.6,0.5,0.4,0.3,1,0.6,0.2,0.5,0,1,0.8
189,2499.80248213559,0.1,,0,0,0,0,0.1,0.3,1,0.2,0.3,0.3,0.4,0.6,0,0.4,0.3,1,0.6,0.6,0.2,0.7,0,0.8
190,2499.80303357542,0.5,,0,0,0,0,0.8,0.1,0,0,0.3,0.3,0.4,0.6,0.1,0.4,0.3,1,0.6,0.4,0.4,0.3,0,0.8
191,2499.80209746212,,,0,0,0,0,0,0,0.1,,0.6,0.3,0.4,0.6,0.1,,0.3,1,0.6,0.3,0.4,0,0,0.9
193,2499.80359245092,0.5,,0,0,0,0,1,0,,,0.3,0.3,0.4,0.6,1,0.4,0.3,1,0.6,0.1,0.5,0,0,0.8
194,2499.80413617194,0.5,0.3,0,0,0,0,0.8,0,,0.1,0.3,0.3,0.4,0.6,1,0.4,0.3,1,0.6,0.2,0.5,0,0,0.9
197,2499.80469472706,0.1,0.2,0,0,0,0,0.4,0,0,0.3,0.3,0.3,0.4,0.6,1,0.4,0.3,1,0.6,0.3,0.4,0,0.5,0.9
198,2499.80524349958,0.1,0.2,0,0.2,0,0,0.1,0.1,0.1,0.2,0.1,0.3,0.4,0.6,0.3,0.1,0.3,1,0.6,0.5,0.3,0.5,0.5,0.9
201,2499.80579013377,0.1,0.3,0,0.9,0,0,0.4,0,,0.4,0.1,0.3,0.4,0.6,0,0,0.3,1,0.6,0.6,0.3,0.6,0.5,0.9
205,2494.64435615391,,,0,0,0,0,0,0.1,0.1,0.1,0.6,0.3,0.4,0.6,0,,0.3,1,0.6,0.3,0.4,0.1,0.5,0.8
206,2499.79950072616,,,0,0,0,0,0,0,0.1,0,0.9,0.3,0.4,0.6,0,,0.3,1,0.6,0.2,0.5,0,0.5,0.8
207,2499.800049752,,0.2,0,0,0,0,0,0.2,0.1,0.1,0.9,0.3,0.4,0.6,0,,0.3,1,0.6,0.6,0.2,0.9,0.5,0.9
208,2499.79550959129,,,0,0,0,0,0,0.2,0.3,0,0.7,0.3,0.4,0.6,0,,0.3,1,0.6,0.4,0.3,0.8,0.5,0.9
209,2499.79911544919,,0.1,0,0,0,0,0,0.1,0.2,0,0.7,0.3,0.4,0.6,0,,0.3,1,0.6,0.4,0.4,0.1,0.5,0.9
210,2499.79966729134,,0.1,0,0,0,0,0,0.5,0.1,0,0.7,0.3,0.4,0.6,0,,0.3,1,0.6,0.8,0.1,1,0.5,0.9
211,2499.80060118437,,0.3,0,0,0,0,0,0,0.1,0.1,0.9,0.3,0.4,0.6,0,,0.3,1,0.6,0.4,0.4,0.3,0.5,0.9
212,2499.80116344988,,,0,0,0,0,0,0,0,0.1,0.9,0.3,0.4,0.6,0,0.4,0.3,1,0.6,0.3,0.4,0,0.5,0.9
213,2499.80022016168,,0.3,0,0,0,0,0,0,0.4,0.1,0.9,0.3,0.4,0.6,0,,0.3,1,0.6,0.5,0.3,1,0.5,0.9
214,2499.80077558011,,,0,0,0,0,0,0.1,0.3,0.1,0.9,0.3,0.4,0.6,0,,0.3,1,0.6,0.4,0.3,0.4,0.5,0.9
215,2499.80170854926,,,0,0,0,0,0,0,0,,0.6,0.3,0.4,0.6,0,,0.3,1,0.6,0.3,0.4,0,,0.9
217,2499.80132359266,,,0,0,0,0,0,0,0,0.1,0.7,0.3,0.4,0.6,0,,0.3,1,0.6,0.4,0.4,0,,0.9
219,2493.16603868455,,,0,0,0,0,0,0,,,0,0.3,0.4,0.3,0,,0.3,1,0.5,0.2,0.5,0,,0.9
220,2498.31812074035,,,0,0,0,0,0,0.2,0.4,0.1,0.7,0.3,0.4,0.6,0,,0.3,1,0.6,0.4,0.3,0.4,,0.9
221,2494.64248789102,,,0,0,0,0,0,0,0.1,,0.6,0.3,0.4,0.6,0,,0.3,1,0.6,0.5,0.3,0.6,,0.9
222,2499.79761058092,,,0,0,0,0,0,0.1,0.2,0.1,0.3,0.3,0.4,0.6,0,,0.3,1,0.6,0.3,0.4,0.1,,0.9
223,2499.79817228764,,,0,0,0,0,0,0,0,,0.7,0.3,0.4,0.6,0,,0.3,1,0.6,0.2,0.5,0,,0.9
224,2494.64209393362,,,0,0,0,0,0,0,0.1,,0.6,0.3,0.4,0.6,0,,0.3,1,0.6,0.3,0.4,0.3,,0.9
225,2499.79723349959,,,0,0,0,0,0,0.1,0.2,0.1,0.6,0.3,0.4,0.6,0,,0.3,1,0.6,0.4,0.4,0.2,,0.9
226,2499.79778584838,,0.1,0,0,0,0,0,0.1,0.2,0,1,0.3,0.4,0.6,0,,0.3,1,0.6,0.3,0.4,0.2,,0.9
227,2499.79872449487,,0.2,0,0,0,0,0,0.1,0.1,0,0.7,0.3,0.4,0.6,0,,0.3,1,0.6,0.6,0.2,0.5,0,0.9
228,2499.79927882552,,0.2,0,0,0,0,0,0,0.1,0,0.7,0.3,0.4,0.6,0,,0.3,1,0.6,0.4,0.3,0.6,0,0.9
229,2499.7983424142,,0.1,0,0,0,0,0,0,0,0,1,0.3,0.4,0.6,0,,0.3,1,0.6,0.3,0.4,0.1,0,0.9
230,2499.79889472574,,0.2,0,0,0,0,0,0,,0.1,0.7,0.3,0.4,0.6,0,,0.3,1,0.6,0.3,0.4,0,0,0.9
231,2499.79984219372,,0.2,0,0,0,0,0,0.1,0.6,0.3,0.7,0.3,0.4,0.6,0,,0.3,1,0.6,0.4,0.4,0.4,0,0.9
232,2499.80038603395,,,0,0,0,0,0,0,0.1,,0.7,0.3,0.4,0.6,0,,0.3,1,0.6,0.3,0.4,0,0,0.9
233,2499.79944627732,,,0,0,0,0,0,0,0,,0.7,0.3,0.4,0.6,0,,0.3,1,0.6,0.3,0.4,0,0,0.9
234,2499.80000244081,,,0,0,0,0,0,0,0,0,0.7,0.3,0.4,0.6,0.2,,0.3,1,0.6,0.3,0.4,0,0,0.9
235,2499.80093681812,,,0,0,0,0,0,0,0,0.1,0.7,0.3,0.4,0.6,0,,0.3,1,0.6,0.4,0.4,0,,0.9
237,2499.80055513233,,,0,0,0,0,0,0,0,0,0.7,0.3,0.4,0.6,0,,0.3,1,0.6,0.3,0.4,0,,0.9
239,2494.64170967788,,,0,0,0,0,0,0.1,0.2,,0.6,0.3,0.4,0.6,0,,0.3,1,0.6,0.5,0.3,0.6,0,0.9
240,2499.79684644938,,,0,0,0,0,0,0.2,0.3,0,0.6,0.3,0.4,0.6,0,,0.3,1,0.6,0.4,0.3,0.4,0,0.9
241,2499.79740072042,,0.1,0,0,0,0,0,0,0.1,0.1,0.6,0.3,0.4,0.6,0,,0.3,1,0.6,0.3,0.4,0,0,0.9
242,2494.6413239754,,0.3,0,0,0,0,0,0.1,0.1,0.2,0.6,0.3,0.4,0.6,0,,0.3,1,0.6,0.5,0.3,0.8,0,0.9
243,2499.79645511508,,0.3,0,0,0,0,0,0.1,0.1,0.5,0.6,0.3,0.4,0.6,0,,0.3,1,0.6,0.6,0.3,0.7,0,0.9
244,2499.79700808972,,0.4,0,0,0,0,0,0,0.1,0.7,0.6,0.3,0.4,0.6,0,,0.3,1,0.6,0.6,0.2,1,0,0.9
245,2499.79794781655,,0.1,0,0,0,0,0,0,0,0,1,0.3,0.4,0.6,0,,0.3,1,0.6,0.3,0.4,0,0.5,0.9
246,2499.79850891978,,0.3,0,0,0,0,0,0.1,0,0.1,1,0.3,0.4,0.6,0,,0.3,1,0.6,0.4,0.4,0,0.5,0.9
247,2499.79756807536,,0.3,0,0,0,0,0,0,0.1,0.5,0.6,0.3,0.4,0.6,0,,0.3,1,0.6,0.5,0.3,0.7,0.5,0.9
248,2499.79811935127,,,0,0,0,0,0,0.1,0.1,0.3,1,0.3,0.4,0.6,0,,0.3,1,0.6,0.4,0.4,0,0.5,0.9
249,2499.79906266183,,,0,0,0,0,0,0,0,0.2,0.7,0.3,0.4,0.6,0,,0.3,1,0.6,0.3,0.4,0.1,0,0.9
250,2499.79961710423,,,0,0,0,0,0,0,0,0,0.7,0.3,0.4,0.6,0.5,,0.3,1,0.6,0.3,0.4,0,0,0.9
251,2499.79867596179,,,0,0,0,0,0,0.1,0.1,0.2,0.7,0.3,0.4,0.6,0,,0.3,1,0.6,0.5,0.3,0.7,0,0.9
253,2499.80016911775,,,0,0,0,0,0,0,0,0,0.7,0.3,0.4,0.6,0,,0.3,1,0.6,0.3,0.4,0,,0.9
257,2493.1477791816,,,0.25,0,0,0,0,0.1,0.1,0.1,0.3,0.2,0.2,0.2,0,,0.3,1,0.4,0.4,0.4,0.1,0,0.8
258,2498.29984131455,,,0.25,0,0,0,0,0.1,0.5,0.1,0.3,0.3,0.2,0.2,0,,0.3,1,0.4,0.4,0.3,0.7,0,0.8
259,2498.30039844147,,,0.25,0,0,0,0,0.1,0.1,,0.3,0.3,0.2,0.2,0,,0.3,1,0.4,0.3,0.4,0.1,0,0.8
260,2494.62420453131,,,0.25,0,0,0,0,0,0.1,,0.3,0.3,0.2,0.2,0.3,,0.3,1,0.4,0.4,0.4,0,0,0.8
261,2499.7793097198,,,0.25,0,0,0,0,0.1,0.1,0.1,0.3,0.3,0.2,0.2,0.3,,0.3,1,0.4,0.5,0.3,0.4,0,0.8
262,2499.77987493575,,,0.25,0,0,0,0,0.3,0.1,,0.3,0.3,0.2,0.2,0,,0.3,1,0.4,0.7,0.2,1,0,0.8
263,2499.77531546801,,,0.25,0,0,0,0,0,0.1,,0.3,0.3,0.2,0.2,0,,0.3,1,0.4,0.4,0.4,0,0,0.8
264,2499.7789241448,,0.2,0.25,0,0,0,0,0.1,0.1,0.1,0.3,0.3,0.2,0.2,0,,0.3,1,0.4,0.7,0.2,0.8,0,0.8
265,2499.77948068827,,0.3,0,0,0,0,0,0.2,0.1,0,0.3,0.3,0.2,0.2,0,,0.3,1,0.4,0.6,0.2,1,0,0.8
266,2498.30095358193,,,0.25,0,0,0,0,0.5,0,,0.2,0.3,0.2,0.2,0,,0.3,1,0.4,0.6,0.2,0.9,0,0.8
267,2498.30152072765,,,0.25,0,0,0,0,0.4,0,,0.2,0.3,0.2,0.2,0,,0.3,1,0.4,0.6,0.2,1,0,0.8
268,2499.78043215722,,,0.25,0,0,0,0,0.3,0.2,,0.6,0.3,0.2,0.2,0,,0.3,1,0.4,0.6,0.3,1,0,0.8
269,2499.78099906445,,0.2,0.25,0,0,0,0,0.1,0.1,0,0.2,0.3,0.2,0.2,0,,0.3,1,0.4,0.5,0.3,0.3,0,0.8
270,2499.78004212677,,0.2,0,0,0,0,0,0.2,0.2,0,0.6,0.3,0.2,0.2,0,,0.3,1,0.4,0.5,0.3,0.7,0,0.8
271,2499.78060399741,,0.1,0,0,0,0,0,0.1,0.1,0,0.2,0.3,0.2,0.2,0,,0.3,1,0.4,0.4,0.3,0.5,0,0.8
272,2498.30207978934,,,0.25,0,0,0,0,0.1,0.1,0,0.2,0.3,0.2,0.2,0,,0.3,1,0.4,0.7,0.2,1,0,0.8
273,2498.30263380783,,,0.25,0,0,0,0,0.3,0.1,0.2,0.2,0.3,0.2,0.2,0,,0.3,1,0.4,0.7,0.2,1,0,0.8
274,2499.7815585658,,0.3,0,0,0,0,0,0.3,0.1,0.2,0.2,0.3,0.2,0.2,0,,0.3,1,0.4,0.7,0.2,0.8,0,0.8
275,2499.78212017566,,0.2,0,0,0,0,0,0,0,0.1,0.2,0.3,0.2,0.2,0,,0.3,1,0.4,0.5,0.3,0.6,0,0.8
276,2499.78116472811,,,0,0,0,0,0,0.6,0,0.1,0.2,0.3,0.2,0.2,0,,0.3,1,0.4,0.9,0,1,0,0.8
277,2499.78172830492,,,0,0,0,0,0,0.1,0,,0.2,0.3,0.2,0.2,0,,0.3,1,0.4,0.4,0.3,0.4,0,0.8
278,2498.30319973826,,,0,0,0,0,0,0.1,0.4,0,0.2,0.3,0.2,0.2,0,,0.3,1,0.4,0.4,0.4,0.3,0,0.8
279,2498.30376087244,,,0,0,0,0,0,0,0.1,,0.2,0.3,0.2,0.2,0,,0.3,1,0.4,0.2,0.5,0,0,0.8
280,2499.78268393129,,0.2,0,0,0,0,0,0,0.1,0.2,0.2,0.3,0.2,0.2,0,,0.3,1,0.4,0.5,0.3,0.5,0,0.8
281,2499.78323372453,,0.6,0,0,0,0,0,0,0.1,0.5,0.2,0.3,0.2,0.2,0,,0.3,1,0.4,0.5,0.3,0.7,0,0.8
282,2499.78228815645,,,0,0,0,0,0,0.4,0.1,0.1,0.2,0.3,0.2,0.2,0,,0.3,1,0.4,0.7,0.2,1,0,0.8
283,2499.78285587579,,0.4,0,0,0,0,0,0.3,0.1,0.2,0.2,0.3,0.2,0.3,0,,0.3,1,0.5,0.8,0.1,1,0,0.8
284,2498.30432049185,,,0,0,0,0,0,0,0.1,0.3,0.2,0.3,0.2,0.2,0,,0.3,1,0.4,0.3,0.4,0.2,0,0.8
286,2499.78379514813,,0.4,0,0,0,0,0,0.1,0,0.7,0.2,0.3,0.2,0.3,0,,0.3,1,0.5,0.5,0.3,0.9,0,0.8
288,2499.78341578692,,0.5,0,0,0,0,0,0,0,0.5,0.2,0.3,0.4,0.3,0,,0.3,1,0.5,0.8,0.1,1,0,0.8
289,2498.30714551073,,0.1,0,0,0,0,0,0.1,0.1,0.4,0.2,0.3,0.4,0.3,0,,0.3,1,0.5,0.4,0.3,0.6,0,0.8
290,2494.64093732834,,,0,0,0,0,0,0.4,0.4,0.1,0.6,0.3,0.4,0.6,0,,0.3,1,0.6,0.5,0.3,0.6,0,0.9
291,2499.79607234895,,0.5,0,0,0,0,0,0.1,0.1,0.4,0.6,0.3,0.4,0.6,0,,0.3,1,0.6,0.6,0.3,0.8,0,0.9
292,2499.79662802815,,0.4,0,0,0,0,0,0.1,0.1,0.9,0.6,0.3,0.4,0.6,0,,0.3,1,0.6,0.7,0.2,1,0,0.9
293,2494.64055328816,,0.2,0,0,0,0,0,0.1,0.3,0,0.6,0.3,0.4,0.6,0,,0.3,1,0.6,0.9,0.1,1,0,0.9
294,2499.79568508267,,0.3,0,0,0,0,0,0.6,0.1,0.2,0.6,0.3,0.4,0.6,0,,0.3,1,0.6,0.9,0,1,0,0.9
295,2499.79624217749,,,0,0,0,0.2,0,0.3,0.1,0.1,0.6,0.3,0.4,0.6,0,,0.3,1,0.6,0.8,0.1,1,0,0.9
296,2499.79718352109,,0.4,0,0,0,0,0,0,,0.6,0.6,0.3,0.4,0.6,0,,0.3,1,0.6,0.5,0.3,0.8,1,0.9
297,2499.79773657024,,0.2,0,0,0,0,0,0.1,0.1,0.6,0.6,0.3,0.4,0.6,0,,0.3,1,0.6,0.5,0.3,0.6,1,0.9
298,2499.79678932577,,0.2,0,0,0,0.4,0,0,0,0.2,0.6,0.3,0.4,0.6,0,,0.3,1,0.6,0.4,0.4,0.2,1,0.9
299,2499.79734501988,,0.3,0,0,0,0,0,0.1,0.2,0.4,0.6,0.3,0.4,0.6,0,,0.3,1,0.6,0.4,0.4,0.2,1,0.9
300,2499.79829238355,,,0,0,0,0,0,0.2,0.2,0.2,1,0.3,0.4,0.6,0,,0.3,1,0.6,0.5,0.3,0.3,,0.9
302,2499.79790836573,,0.1,0,0,0,0,0,0.1,0.2,0.2,0.6,0.3,0.4,0.6,0,,0.3,1,0.6,0.5,0.3,0.7,,0.9
304,2493.14250488579,0.8,,0.75,0,0,0,1,0,,0.1,0.1,0.2,0.2,0.2,1,0.9,0.1,1,0.4,0.1,0.5,0,,0.7
305,2498.29455390573,0.8,,0.75,0,0.8,0,1,0,,0.1,0.1,0.2,0.2,0.2,1,0.5,0.1,1,0.4,0.2,0.5,0,,0.7
306,2498.29511240387,1,,0.75,0,0.1,0,1,0,,0,0.1,0.2,0.2,0.2,1,0.5,0.1,1,0.4,0.1,0.5,0,,0.7
307,2494.61892874539,0.1,,0.75,0,0.1,0,1,0,,,0.1,0.2,0.2,0.2,0.9,0.9,0.1,1,0.4,0.2,0.5,0,,0.7
308,2499.77402114868,0.1,,0.75,0,0.8,0,0.8,0,,,0.1,0.2,0.2,0.2,1,0.9,0.1,1,0.4,0.2,0.5,0,,0.7
309,2499.77459378541,0.5,,0.75,0,0,0,0.3,0,,0,0.1,0.2,0.2,0.2,1,0.9,0.1,1,0.4,0.2,0.5,0,,0.7
310,2494.61853228489,0.5,,0.75,0,0.5,0,0.3,0,,,0.1,0.2,0.2,0.2,0.9,0.9,0.1,1,0.4,0.2,0.5,0,,0.7
311,2499.773638919,0.1,,0.75,0,0.4,0,0,0,,,0.1,0.2,0.2,0.2,1,0.9,0.1,1,0.4,0.2,0.5,0,,0.7
312,2499.77419476956,,,0.75,0,0,0,0,0,,,0.1,0.2,0.2,0.2,1,0.9,0.1,1,0.4,0.2,0.5,0,,0.7
313,2498.29568070918,0.8,,0.75,0,0.5,0,0.4,0,,,0.1,0.2,0.2,0.2,1,0.5,0.3,1,0.4,0.2,0.5,0,0,0.7
314,2498.29624201069,,,0.75,0,0.4,0,0,0,,,0.1,0.2,0.2,0.2,1,0.9,0.3,1,0.4,0.2,0.5,0,0,0.8
315,2499.77514854074,0.5,,0.75,0,0,0,0.3,0,,0,0.1,0.2,0.2,0.2,1,0.5,0.3,1,0.4,0.2,0.5,0,0,0.7
316,2499.77570986748,0.1,,0.75,0,0,0,0.4,0,,0,0.1,0.2,0.2,0.2,0.4,0.5,0.3,1,0.4,0.2,0.5,0,0,0.8
317,2499.77475561202,0.1,,0.75,0,0,0,0,0,,,0.1,0.2,0.2,0.2,0.8,0.9,0.3,1,0.4,0.2,0.5,0,0,0.7
318,2499.77532273531,0.1,,0.25,0,0,0,0,0.2,0,0.1,0.1,0.2,0.2,0.2,0,0.5,0.3,1,0.4,0.6,0.2,0.6,0,0.7
319,2498.29680434614,,,0.75,0,0,0,0,0,,,0.1,0.2,0.2,0.2,1,0.9,0.3,1,0.4,0.2,0.5,0,0,0.8
320,2498.29736877936,,,0.75,0,0,0,0,0,,,0.1,0.2,0.2,0.2,0.5,0.9,0.3,1,0.4,0.3,0.4,0,0,0.8
321,2499.77627934515,0.1,,0.75,0,0,0,0,0.1,0.1,0.1,0.1,0.2,0.2,0.2,0,0.5,0.3,1,0.4,0.4,0.4,0.2,0,0.8
322,2499.77683795989,,,0.25,0,0,0,0,0,0.1,0.1,0.1,0.2,0.2,0.2,0,0.9,0.3,1,0.4,0.3,0.4,0.2,0,0.8
323,2499.77587923408,,,0.25,0,0,0,0,0.3,0.1,0,0.1,0.2,0.2,0.2,0,,0.3,1,0.4,0.6,0.2,0.9,0,0.8
324,2499.77644886076,,,0.25,0,0,0,0,0.2,0.1,0.1,0.1,0.2,0.2,0.2,0,,0.3,1,0.4,0.6,0.3,0.8,0,0.8
325,2498.29792533815,,,0.25,0,0,0,0,0,,,0.1,0.2,0.2,0.2,0,,0.3,1,0.4,0.4,0.4,0,0.5,0.8
326,2499.77740790695,,,0.25,0,0,0,0,0.1,0.1,,0.1,0.3,0.2,0.2,0,,0.3,1,0.4,0.3,0.4,0,0.5,0.8
327,2499.77796421945,,0.2,0.25,0,0,0,0,0,0,0,0.1,0.3,0.2,0.2,0,,0.3,1,0.4,0.3,0.4,0.2,0.5,0.8
328,2499.7770151794,,0.2,0.25,0,0,0,0,0,0.1,0.2,0.1,0.3,0.2,0.2,0,,0.3,1,0.4,0.4,0.4,0.2,0.5,0.8
329,2499.77757005394,,0.2,0,0,0,0,0,0.1,0.1,0,0.1,0.3,0.2,0.2,0,,0.3,1,0.4,0.4,0.4,0.2,0.5,0.8
330,2499.77852849662,,0.2,0,0,0,0,0,0.1,0.1,0.1,0.3,0.3,0.2,0.2,0,,0.3,1,0.4,0.4,0.3,0.2,0.5,0.8
331,2499.77909066528,,,0,0,0,0.1,0,0,0,,0.3,0.3,0.2,0.2,0,,0.3,1,0.4,0.3,0.4,0.4,0.5,0.8
332,2499.77813916653,,,0,0,0,0,0,0,0,,0.3,0.3,0.2,0.2,0,,0.3,1,0.4,0.3,0.4,0,0.5,0.8
333,2499.77869640291,,,0,0,0,0.5,0,0,,,0.3,0.3,0.2,0.2,0.3,,0.3,1,0.4,0.2,0.5,0,0.5,0.8
334,2499.77965380251,,,0,0,0,0.2,0,0,0,,0.6,0.3,0.2,0.2,0.7,,0.3,1,0.4,0.2,0.5,0,1,0.8
335,2499.78021753579,,,0,0,0,0,0,0,,,0.6,0.3,0.2,0.2,1,,0.3,1,0.4,0.1,0.5,0,1,0.8
336,2499.77926656604,,,0,0,0,0.8,0,0,,,0.6,0.3,0.2,0.2,1,,0.3,1,0.4,0.2,0.5,0,1,0.8
337,2499.77981473505,,,0,0,0,0,0,0,0.1,,0.6,0.3,0.2,0.2,0.8,,0.3,1,0.4,0.2,0.5,0,1,0.8
338,2499.7807732299,,,0,0,0,0,0,0,0,,0.2,0.3,0.2,0.2,0.9,,0.3,1,0.4,0.3,0.4,0.1,1,0.8
339,2499.78134094179,,,0,0,0,0,0,0,,,0.2,0.3,0.2,0.2,0.6,,0.3,1,0.4,0.1,0.5,0,1,0.8
340,2499.7803908363,,,0,0,0,0,0,0,0,0,0.2,0.3,0.2,0.2,0.5,,0.3,1,0.4,0.2,0.5,0,1,0.8
341,2499.78094491363,,,0,0,0,0,0,0,0,,0.2,0.3,0.2,0.2,0.1,,0.3,1,0.4,0.2,0.5,0,1,0.8
342,2499.78189567477,,,0,0,0,0,0,0,0.1,,0.2,0.3,0.2,0.2,0.2,,0.3,1,0.4,0.2,0.5,0.1,0.5,0.8
343,2499.78245798498,,0.3,0,0,0,0,0,0.1,0,0.1,0.2,0.3,0.4,0.3,0,,0.3,1,0.5,0.4,0.4,0.6,0.5,0.8
344,2499.78149767965,,,0,0,0,0,0,0,0.1,,0.2,0.3,0.4,0.3,0,,0.3,1,0.5,0.3,0.4,0.1,0.5,0.8
345,2499.78207541257,,,0,0,0,0,0,0.4,0,,0.2,0.3,0.4,0.3,0,,0.3,1,0.5,0.7,0.2,0.9,0.5,0.8
346,2499.78301674128,,0.3,0,0,0,0,0,0,0,0.7,0.2,0.3,0.4,0.3,0,,0.3,1,0.5,0.5,0.3,0.5,0.5,0.8
347,2499.78357891738,,,0,0,0,0,0,0,0,0,0.2,0.3,0.4,0.3,0,,0.3,1,0.5,0.3,0.4,0.2,0.5,0.8
348,2499.78262940049,,0.3,0,0,0,0,0,0.2,0,0.5,0.2,0.3,0.4,0.3,0,,0.3,1,0.5,0.8,0.1,1,0.5,0.8
349,2499.7831876725,,,0,0,0,0,0,0.2,0.1,0.1,0.2,0.3,0.4,0.3,0,,0.3,1,0.5,0.7,0.2,1,0.5,0.8
350,2498.30465414375,,,0,0,0,0.1,0,0,0,,0.2,0.3,0.4,0.3,0.1,,0.3,1,0.5,0.2,0.5,0,1,0.8
351,2498.30521273808,,,0,0,0,0.7,0,0,,,0.2,0.3,0.4,0.3,0,,0.3,1,0.5,0.1,0.5,0,1,0.8
352,2499.78414142132,,,0,0,0,0.1,0,0,,,0.2,0.3,0.4,0.3,0,,0.3,1,0.5,0.2,0.5,0,1,0.8
353,2499.78470639139,,,0,0,0,0.7,0,0,,,0.2,0.3,0.4,0.3,0,,0.3,1,0.5,0.1,0.5,0,1,0.8
354,2499.78374655545,,,0,0,0,0,0,0,,0.2,0.2,0.3,0.4,0.3,0,,0.3,1,0.5,0.6,0.2,0.7,1,0.8
355,2499.78430941701,,,0,0,0,0,0,0,,0,0.2,0.3,0.4,0.3,0,,0.3,1,0.5,0.5,0.3,0.3,1,0.8
356,2498.30578475446,,,0,0,0,0.7,0,0,,,0.2,0.3,0.4,0.3,0,,0.3,1,0.5,0.1,0.5,0,1,0.8
357,2498.30633235505,,,0,0,0,0.4,0,0,0,,0,0.3,0.4,0.3,0,,0.3,1,0.5,0.2,0.5,0,1,0.8
358,2499.78525871038,,,0,0,0,0.8,0,0,,,0.2,0.3,0.4,0.3,0,,0.3,1,0.5,0.1,0.5,0,1,0.8
359,2499.78581529856,,,0,0,0,1,0,0,,,0,0.3,0.4,0.3,0,,0.3,1,0.5,0.2,0.5,0,1,0.8
360,2499.78486514837,,,0,0,0,0,0,0,,0.4,0,0.3,0.4,0.3,0,,0.3,1,0.5,0.2,0.5,0,1,0.8
361,2499.78542945534,,,0,0,0,0.7,0,0,,0.3,0,0.3,0.4,0.3,0.2,,0.3,1,0.5,0.2,0.5,0,1,0.8
362,2498.30689703673,,,0,0,0,0.1,0,0,0.1,,0,0.3,0.4,0.3,0,,0.3,1,0.5,0.3,0.4,0.2,0,0.9
363,2498.30744892772,,,0,0,0,0.1,0,0,0.1,,0,0.3,0.4,0.3,0,,0.3,1,0.5,0.2,0.5,0.1,0,0.9
364,2499.78638160229,,,0,0,0,1,0,0,,,0,0.3,0.4,0.3,0,,0.3,1,0.5,0.1,0.5,0,0,0.9
365,2499.78693538159,,,0,0,0,1,0,0,,,0,0.3,0.4,0.3,0,,0.3,1,0.5,0.2,0.5,0,0,0.9
366,2499.78598771244,,,0,0,0,1,0,0,,0.5,0,0.3,0.4,0.3,0.3,,0.3,1,0.5,0.3,0.4,0,0,0.9
367,2499.78654854745,,,0,0,0,1,0,0,0.1,0.3,0,0.3,0.4,0.3,0,,0.3,1,0.5,0.4,0.4,0.1,0,0.9
368,2498.30801229924,,0.2,0,0,0,0,0,0,0.1,0,,0.3,0.4,0.3,0,,0.3,1,0.5,0.3,0.4,0.2,0.5,0.9
369,2498.30856907909,,0.2,0,0,0,0,0,0.3,0.1,0,,0.3,0.4,0.3,0,,0.3,1,0.5,0.6,0.2,0.6,0.5,0.9
370,2499.78749663383,,,0,0,0,0.6,0,0,,,,0.3,0.4,0.3,0,,0.3,1,0.5,0.1,0.5,0,0.5,0.9
371,2499.78805375099,,0,0,0,0,0.3,0,0,0.2,0,,0.3,0.4,0.3,0,,0.3,1,0.5,0.2,0.5,0,0.5,0.9
372,2499.78710762411,,,0,0,0,1,0,0,0,0.1,,0.3,0.4,0.3,0,,0.3,1,0.5,0.2,0.5,0,0.5,0.9
373,2499.78766482323,,0.1,0,0,0,1,0,0,,0.4,,0.3,0.4,0.6,0,,0.3,1,0.6,0.3,0.4,0,0.5,0.9
374,2498.30912537128,,0,0,0,0,0,0,0.4,0.1,0,,0.3,0.4,0.3,0,,0.3,1,0.5,0.9,0.1,1,0.5,0.9
375,2498.30968570012,,,0,0,0,0,0,0.2,0.1,0,,0.3,0.4,0.6,0,,0.3,1,0.6,0.8,0.1,1,0.5,0.9
376,2499.78861144185,,0.3,0,0,0,0,0,0.1,0.2,0.1,,0.3,0.4,0.6,0,,0.3,1,0.6,0.5,0.3,0.5,0.5,0.9
377,2499.78917060792,,0.2,0,0,0,0,0,0.1,0.2,0,,0.3,0.4,0.6,0,,0.3,1,0.6,0.6,0.2,0.6,0.5,0.9
378,2499.78822314739,,,0,0,0,0.4,0,0,,0,,0.3,0.4,0.6,0,,0.3,1,0.6,0.2,0.5,0,0.5,0.9
379,2499.78878160566,,,0,0,0,0,0,0,0.1,,,0.3,0.4,0.6,0,,0.3,1,0.6,0.2,0.5,0.1,0.5,0.9
380,2498.31024028361,,,0,0,0,0,0,0.1,0.1,,,0.3,0.4,0.6,0,,0.3,1,0.6,0.4,0.3,0.5,,0.9
381,2498.31079510416,,,0,0,0,0,0,0.1,0.1,0,,0.3,0.4,0.6,0,,0.3,1,0.6,0.7,0.2,1,,0.9
382,2499.78973115981,,0.1,0,0,0,0,0,0.1,0.2,0,,0.3,0.4,0.6,0,,0.3,1,0.6,0.7,0.2,1,,0.9
383,2499.79028715938,,,0,0,0,0,0,0.2,0,0,,0.3,0.4,0.6,0,,0.3,1,0.6,0.7,0.2,1,,0.9
384,2499.78934348375,,0.3,0,0,0,0,0,0.1,0.1,0.1,,0.3,0.4,0.6,0,,0.3,1,0.6,0.4,0.4,0.2,,0.9
385,2499.78989756107,,0.2,0,0,0,0,0,0.1,0.1,0.1,,0.3,0.4,0.6,0,,0.3,1,0.6,0.6,0.2,0.9,,0.9
386,2498.31135687232,,,0,0,0,0,0,0.2,0.6,0.1,0.1,0.3,0.4,0.6,0,,0.3,1,0.6,0.8,0.1,1,,0.9
388,2499.79084148258,,,0,0,0,0,0,0.2,0.4,0,0.1,0.3,0.4,0.6,0,,0.3,1,0.6,0.7,0.2,1,,0.9
390,2499.79045756906,,0.1,0,0,0,0,0,0,0.1,0.1,0.1,0.3,0.4,0.6,0,,0.3,1,0.6,0.6,0.2,0.9,,0.9
391,2498.31418757605,,,0,0,0,0,0,0.1,0.2,,0.1,0.3,0.4,0.6,0,,0.3,1,0.6,0.4,0.3,0.5,,0.9
392,2494.64017307758,,0.2,0,0,0,0,0,0,0.1,0.5,0.6,0.3,0.4,0.6,0,,0.3,1,0.6,0.8,0.1,1,0,0.9
393,2499.79529183358,,,0,0,0,0,0,0.5,0.1,0.2,0.6,0.3,0.4,0.6,0,,0.3,1,0.6,1,0,1,0,0.9
394,2499.79585085064,,,0,0,0,0.2,0,0.6,0.1,0.1,0.6,0.3,0.4,0.6,0,,0.3,1,0.6,0.9,0.1,1,0,0.9
395,2499.79130436735,,,0,0,0,0,0,0.1,0.1,0.5,0.6,0.3,0.4,0.6,0,,0.3,1,0.6,0.9,0.1,1,0,0.9
396,2499.79491400719,,,0,0,0,0,0,0.3,0.1,0.4,0.6,0.3,0.4,0.6,0,,0.3,1,0.6,0.9,0.1,1,0,0.9
397,2499.79546239227,,,0,0,0,0,0,0.2,0.1,0.2,0.6,0.3,0.4,0.6,0,,0.3,1,0.6,0.7,0.2,1,0,0.9
398,2499.79640772939,,0.3,0,0,0,0.3,0,0,,0.2,0.6,0.3,0.4,0.6,0,,0.3,1,0.6,0.4,0.4,0.4,1,0.9
399,2499.79696391523,,0,0,0,0,0,0,0.1,0.2,0.1,0.6,0.3,0.4,0.6,0,,0.3,1,0.6,0.3,0.4,0.3,1,0.9
400,2499.79602307081,,,0,0,0,0,0,0,0,0.2,0.6,0.3,0.4,0.6,0,,0.3,1,0.6,0.3,0.4,0.1,1,0.9
401,2499.79657866806,,0.2,0,0,0,0,0,0.1,0.1,0.2,0.6,0.3,0.4,0.6,0,,0.3,1,0.6,0.4,0.3,0.6,1,0.9
402,2499.79752015322,,0.2,0,0,0,0,0,0.3,0.2,0.4,0.6,0.3,0.4,0.6,0,,0.3,1,0.6,0.7,0.2,0.7,,0.9
404,2499.79712758213,,0,0,0,0,0,0,0,0.1,0,0.6,0.3,0.4,0.6,0,,0.3,1,0.6,0.4,0.3,0.3,,0.9
406,2494.61813805252,,,0.75,0,0.8,0,0,0,,,0.1,0.2,0.2,0.2,1,,0.1,1,0.4,0.2,0.5,0,,0.7
407,2499.7732340619,0.1,,0.75,0,0,0.2,0.3,0,,,0.1,0.2,0.2,0.2,1,0.9,0.1,1,0.4,0.2,0.5,0,0,0.7
408,2499.77380418032,0.1,,0.75,0,0,0.3,0.4,0.1,0,,0.1,0.2,0.2,0.2,0.9,0.9,0.1,1,0.4,0.2,0.5,0,0,0.7
409,2494.61775011057,,,0.75,0,0,0,0,0,,,0.1,0.2,0.2,0.2,1,0.9,0.1,1,0.4,0.2,0.5,0,,0.7
410,2499.77284434438,0.1,,0.25,0,0,0.6,0,0.3,0.1,0,0.1,0.2,0.2,0.2,0.1,0.9,0.1,1,0.4,0.5,0.3,0.4,0,0.7
411,2499.77340432256,,,0.25,0,0,0.2,0,0.1,0.1,0.1,0.1,0.2,0.2,0.2,0,0.9,0.1,1,0.4,0.6,0.3,0.5,0,0.7
412,2499.77436263114,0.1,,0.75,0,0,0,0.4,0,,0,0.1,0.2,0.2,0.2,0.9,0.9,0.3,1,0.4,0.2,0.5,0,1,0.7
413,2499.77493071556,0.1,,0.25,0,0,0,0,0,0.1,0.1,0.1,0.2,0.2,0.2,0,0.9,0.3,1,0.4,0.3,0.4,0,1,0.7
414,2499.77397410572,,,0.25,0,0,0,0,0.2,0.1,0,0.1,0.2,0.2,0.2,0,0.9,0.3,1,0.4,0.6,0.2,0.6,1,0.7
415,2499.77453452349,,0.1,0.25,0,0,0,0,0.6,0.1,0,0.1,0.2,0.2,0.2,0,0.9,0.3,1,0.4,0.7,0.2,0.8,1,0.7
416,2499.77549188584,,,0.25,0,0,0,0,0.1,0.2,0,0.1,0.2,0.2,0.2,0,,0.3,1,0.4,0.4,0.3,0.2,0.5,0.8
417,2499.77605468035,,0.2,0,0,0,0,0,0,0.1,0.2,0.1,0.3,0.2,0.2,0,,0.3,1,0.4,0.5,0.3,0.5,0.5,0.8
418,2499.77509882301,,0.2,0.5,0,0,0,0,0.1,0.1,0.1,0.1,0.2,0.2,0.2,0,,0.3,1,0.4,0.5,0.3,0.7,0.5,0.8
419,2499.77566571534,,0.1,0,0,0,0,0,0.1,0.1,0.1,0.1,0.3,0.2,0.2,0.4,,0.3,1,0.4,0.3,0.4,0.3,0.5,0.8
420,2499.77661877126,,0.1,0,0,0,0,0,0.2,0.1,0,0.1,0.3,0.2,0.2,0,,0.3,1,0.4,0.3,0.4,0.3,1,0.8
421,2499.77718352526,,,0,0,0,0.5,0,0,,,0.1,0.3,0.2,0.2,0.1,,0.3,1,0.4,0.2,0.5,0,1,0.8
422,2499.7762247771,,,0,0,0,0.1,0,0.1,0.1,0.1,0.1,0.3,0.2,0.2,0.2,,0.3,1,0.4,0.3,0.4,0.1,1,0.8
423,2499.77678866684,,,0,0,0,0.4,0,0,,0.1,0.1,0.3,0.2,0.2,0.8,,0.3,1,0.4,0.2,0.5,0,1,0.8
424,2499.77774611115,,,0,0,0,0.1,0,0,,,0.1,0.3,0.2,0.2,0.6,,0.3,1,0.4,0.1,0.5,0,0.5,0.8
425,2499.77830371261,,,0,0,0,0,0,0,,,0.3,0.3,0.2,0.2,0.9,,0.3,1,0.4,0.2,0.5,0,0.5,0.8
426,2499.77735114098,,,0,0,0,0.1,0,0,,0,0.1,0.3,0.2,0.2,0.5,,0.3,1,0.4,0.1,0.5,0,0.5,0.8
427,2499.77791831642,,,0,0,0,0,0,0,,,0.1,0.3,0.2,0.2,0.2,,0.3,1,0.4,0.3,0.4,0,0.5,0.8
428,2499.77887052298,,,0,0,0,0,0,0,0,,0.3,0.3,0.2,0.2,0.8,,0.3,1,0.4,0.3,0.5,0,0.5,0.8
429,2499.7794328928,,,0,0,0,0,0,0.1,0.1,0,0.6,0.3,0.2,0.2,0.2,,0.3,1,0.4,0.4,0.4,0.2,0.5,0.8
430,2499.77847712487,,,0,0,0,0,0,0.1,0.1,,0.3,0.3,0.2,0.2,0,,0.3,1,0.4,0.4,0.4,0.2,0.5,0.8
431,2499.77903611213,,,0,0,0,0,0,0.1,0.2,0.2,0.6,0.3,0.2,0.2,0,,0.3,1,0.4,0.4,0.4,0,0.5,0.8
432,2499.77998851985,,,0,0,0,0,0,0.1,0.1,0,0.2,0.3,0.2,0.2,0,,0.3,1,0.4,0.3,0.4,0.1,0.5,0.8
433,2499.7805589959,,,0,0,0,0,0,0.1,0,,0.2,0.3,0.4,0.2,0,,0.3,1,0.5,0.3,0.4,0.2,0.5,0.8
434,2499.77960009873,,,0,0,0,0,0,0.1,0.1,0.1,0.2,0.3,0.2,0.2,0,,0.3,1,0.4,0.4,0.4,0,0.5,0.8
436,2499.7811178118,,,0,0,0,0,0,0,0.1,,0.2,0.3,0.4,0.3,0,,0.3,1,0.5,0.2,0.5,0,0,0.8
437,2499.78167528659,,,0,0,0,0,0,0,0,,0.2,0.3,0.4,0.3,0,,0.3,1,0.5,0.2,0.5,0,0,0.8
440,2499.78223694116,,0.4,0,0,0,0,0,0.1,0.1,0.1,0.2,0.3,0.4,0.3,0.2,,0.3,1,0.5,0.3,0.4,0.1,0.5,0.8
441,2499.78279864043,,0.1,0,0,0,0,0,0.3,0.1,0.1,0.2,0.3,0.4,0.3,0,,0.3,1,0.5,0.8,0.1,1,0.5,0.8
443,2494.63091142075,,0.2,0,0,0,0,0,0.1,0.2,0,0.2,0.3,0.4,0.3,0,,0.3,1,0.5,0.5,0.3,0.4,0.5,0.8
444,2499.78335327655,,,0,0,0,0,0,0.5,0.1,0.1,0.2,0.3,0.4,0.3,0,,0.3,1,0.5,0.7,0.2,0.9,0.5,0.8
445,2499.78392039984,,,0,0,0,0,0,0,,0.1,0.2,0.3,0.4,0.3,0,,0.3,1,0.5,0.3,0.4,0.1,0.5,0.8
446,2499.78296305239,,0.2,0,0,0,0,0,0.1,0.1,0.3,0.2,0.3,0.4,0.3,0,,0.3,1,0.5,0.6,0.3,0.8,0.5,0.8
447,2499.78353188932,,0.2,0,0,0,0,0,0.2,0.1,0.2,0,0.3,0.4,0.3,0,,0.3,1,0.5,0.5,0.3,0.8,0.5,0.8
448,2499.78448121995,,,0,0,0,0,0,0.1,0,0.3,0,0.3,0.4,0.3,0.5,,0.3,1,0.5,0.3,0.4,0,1,0.8
449,2499.78503397852,,,0,0,0,0.1,0,0.1,0,0.1,0,0.3,0.4,0.3,0,,0.3,1,0.5,0.2,0.5,0.1,1,0.8
450,2499.78409405798,,0.2,0,0,0,0,0,0.2,0.1,0.3,0,0.3,0.4,0.3,0,,0.3,1,0.5,0.6,0.2,0.9,1,0.8
451,2499.78464972228,,0.2,0,0,0,0,0,0.1,0.1,0.2,0,0.3,0.4,0.3,0,,0.3,1,0.5,0.6,0.2,1,1,0.8
452,2499.78560340405,,,0,0,0,0.4,0,0,,0.4,0,0.3,0.4,0.3,0,,0.3,1,0.5,0.3,0.4,0.1,1,0.9
453,2499.78615736216,,,0,0,0,0.2,0,0,0.1,0.3,,0.3,0.4,0.3,0,,0.3,1,0.5,0.2,0.5,0,1,0.9
454,2499.78520365059,,0,0,0,0,0,0,0.1,0.1,0.3,0,0.3,0.4,0.3,0,,0.3,1,0.5,0.5,0.3,0.6,1,0.9
455,2499.78577144444,,,0,0,0,0,0,0.1,0.1,0.3,,0.3,0.4,0.3,0,,0.3,1,0.5,0.3,0.4,0.2,1,0.9
456,2499.78672063351,,,0,0,0,0.2,0,0,0,0,,0.3,0.4,0.3,0.9,,0.3,1,0.5,0.1,0.6,0,0.5,0.9
457,2499.78727574646,,0.1,0,0,0,0.1,0,0,0.1,0.4,,0.3,0.4,0.6,0,,0.3,1,0.6,0.3,0.4,0,0.5,0.9
458,2499.78631938994,,,0,0,0,0,0,0,0,0,,0.3,0.4,0.3,0.8,,0.3,1,0.5,0.2,0.5,0,0.5,0.9
459,2499.78689333051,,0.1,0,0,0,0,0,0,0,0,,0.3,0.4,0.6,0,,0.3,1,0.6,0.1,0.5,0,0.5,0.9
460,2499.78783822805,,0,0,0,0,0,0,0.1,0.1,0.2,,0.3,0.4,0.6,0,,0.3,1,0.6,0.3,0.4,0.1,0.5,0.9
461,2499.78839290887,,,0,0,0,0.1,0,0,,0,,0.3,0.4,0.6,0,,0.3,1,0.6,0.1,0.5,0,0.5,0.9
462,2499.7874430269,,,0,0,0,0,0,0,0,0,,0.3,0.4,0.6,0,,0.3,1,0.6,0,0.6,0,0.5,0.9
463,2499.78800209612,,,0,0,0,0.2,0,0,0.1,0.1,,0.3,0.4,0.6,0,,0.3,1,0.6,0.2,0.5,0,0.5,0.9
464,2499.78895219415,,,0,0,0,0.5,0,0,0,0,,0.3,0.4,0.6,0,,0.3,1,0.6,0.3,0.4,0.1,0.5,0.9
465,2499.78950554132,,,0,0,0,0,0,0,0.1,,,0.3,0.4,0.6,0,,0.3,1,0.6,0.5,0.3,0.8,0.5,0.9
466,2499.78856114298,,,0,0,0,0.7,0,0,0,0.1,,0.3,0.4,0.6,0,,0.3,1,0.6,0.4,0.3,0.7,0.5,0.9
467,2499.78912044317,,,0,0,0,0.1,0,0,0,0.1,,0.3,0.4,0.6,0,,0.3,1,0.6,0.4,0.4,0.4,0.5,0.9
468,2499.79007162154,,0.3,0,0,0,0,0,0.2,0.1,0,0.1,0.3,0.4,0.6,0,,0.3,1,0.6,0.5,0.3,0.4,0.5,0.9
469,2499.79062496126,,0.1,0,0,0,0,0,0,0.1,0.1,0.1,0.3,0.4,0.6,0,,0.3,1,0.6,0.5,0.3,0.5,0.5,0.9
470,2499.78968387842,,,0,0,0,0,0,0,0,0.3,0.1,0.3,0.4,0.6,0,,0.3,1,0.6,0.3,0.4,0,0.5,0.9
471,2499.79023439437,,0.2,0,0,0,0,0,0.1,0.1,0.1,0.1,0.3,0.4,0.6,0,,0.3,1,0.6,0.3,0.4,0,0.5,0.9
472,2498.3116922006,,,0,0,0,0,0,0.1,0.3,,0.1,0.3,0.4,0.6,0,,0.3,1,0.6,0.7,0.2,0.6,0,0.9
473,2498.31225040044,,,0,0,0,0,0,0.1,0.1,,0.1,0.3,0.4,0.6,0,,0.3,1,0.6,0.8,0.1,1,0,0.9
474,2499.79118214548,,0.2,0,0,0,0,0,0.1,0.2,0,0.1,0.3,0.4,0.6,0,,0.3,1,0.6,0.4,0.3,0.2,0,0.9
475,2499.79174086452,,0.3,0,0,0,0,0,0.3,0.1,0.1,0.1,0.3,0.4,0.6,0,,0.3,1,0.6,0.7,0.2,1,0,0.9
476,2499.7907987535,,0.1,0,0,0,0,0,0.1,0.1,0.1,0.1,0.3,0.4,0.6,0,,0.3,1,0.6,0.3,0.4,0.2,0,0.9
477,2499.79135385156,,0.1,0,0,0,0,0,0.1,0.1,0.1,0.1,0.3,0.4,0.6,0,,0.3,1,0.6,0.4,0.4,0,0,0.9
478,2498.31280396879,,,0,0,0,0,0,0.2,0.1,0.2,0.1,0.3,0.4,0.6,0,,0.3,1,0.6,0.7,0.2,1,0,0.9
479,2498.31336146036,,0.2,0,0,0,0,0,0.2,0.1,0.3,0.1,0.3,0.4,0.6,0,,0.3,1,0.6,0.8,0.1,1,0,0.9
480,2499.79229773581,,0.2,0,0,0,0,0,0.4,0.1,0.1,0.1,0.3,0.4,0.6,0,,0.3,1,0.6,0.9,0.1,1,0,0.9
481,2499.79285702109,,0.1,0,0,0,0,0,0.9,0.1,0,0.1,0.3,0.4,0.6,0,,0.3,1,0.6,1,0,1,0,0.9
482,2499.79190274328,,0.1,0,0,0,0,0,0.2,0.1,0.2,0.1,0.3,0.4,0.6,0,,0.3,1,0.6,0.8,0.1,1,0,0.9
483,2499.79246258736,,,0,0,0,0,0,0.9,0.1,,0.1,0.3,0.4,0.6,0,,0.3,1,0.6,0.9,0,1,0,0.9
484,2498.31392440945,,0.1,0,0,0,0,0,0,,0.1,0.6,0.3,0.4,0.6,0,,0.3,1,0.6,0.9,0.1,1,0.5,0.9
485,2499.79340661317,,,0,0,0,0,0,0.8,0.1,0.3,0.3,0.3,0.4,0.6,0,,0.3,1,0.6,0.9,0,1,0.5,0.9
486,2499.79396444559,,,0,0,0,0,0,1,0.1,0.1,0.6,0.3,0.4,0.6,0,,0.3,1,0.6,1,0,1,0.5,0.9
487,2499.79302705079,,,0,0,0,0,0,0.6,0.1,0,0.1,0.3,0.4,0.6,0,,0.3,1,0.6,0.8,0.1,1,0.5,0.9
488,2499.79357994348,,,0,0,0,0,0,0.1,0.1,0.2,0.3,0.3,0.4,0.6,0,,0.3,1,0.6,0.6,0.3,0.7,0.5,0.9
489,2499.79452770203,,,0,0,0,0.8,0,0.6,0.1,0.1,0.6,0.3,0.4,0.6,0,,0.3,1,0.6,0.8,0.1,1,1,0.9
490,2499.7950764671,,,0,0,0,0.3,0,0,,0.1,0.6,0.3,0.4,0.6,0,,0.3,1,0.6,0.3,0.4,0.1,1,0.9
491,2499.79413218796,,,0,0,0,0.4,0,0,0.1,0.1,0.3,0.3,0.4,0.6,0,,0.3,1,0.6,0.3,0.4,0.2,1,0.9
492,2499.79469058663,,,0,0,0,0,0,0.1,0.1,,0.3,0.3,0.4,0.6,0,,0.3,1,0.6,0.5,0.3,0.3,1,0.9
493,2499.7956314832,,,0,0,0,0,0,0.2,0,0,0.6,0.3,0.4,0.6,0,,0.3,1,0.6,0.6,0.2,0.7,1,0.9
494,2499.79618862271,,,0,0,0,0,0,0.5,0,0.1,0.6,0.3,0.4,0.6,0,,0.3,1,0.6,0.8,0.1,1,1,0.9
495,2499.79525482655,,,0,0,0,0,0,0.1,0,0.1,0.3,0.3,0.4,0.6,0,,0.3,1,0.6,0.8,0.1,1,1,0.9
496,2499.79580267519,,,0,0,0,0,0,0,0,0.1,0.3,0.3,0.4,0.6,0,,0.3,1,0.6,0.4,0.4,0.8,1,0.9
497,2499.7967491895,,0.3,0,0,0,0,0,0.3,0,0.6,0.6,0.3,0.4,0.6,0,,0.3,1,0.6,0.6,0.2,0.9,,0.9
499,2499.79635739326,,0.1,0,0,0,0,0,0.1,0.1,0.2,0.3,0.3,0.4,0.6,0,,0.3,1,0.6,0.7,0.2,1,,0.9
501,2494.6173530519,,,0.25,0,0,0,0,0.3,0.1,,0.1,0.2,0.2,0.2,0,0,0.1,1,0.4,0.5,0.3,0.7,0,0.7
502,2499.77244859189,,,0.25,0,0,0,0,1,0.1,,0.1,0.2,0.2,0.2,0,,0.1,1,0.4,0.9,0,1,0.5,0.7
503,2499.77301643044,,,0.25,0,0,0,0,1,0.1,,0.1,0.2,0.2,0.2,0,,0.1,1,0.4,0.9,0,1,0.5,0.7
504,2499.76844617772,,,0.25,0,0,0,0,0.2,0,,0.1,0.2,0.2,0.2,0,0,0.1,1,0.4,0.3,0.4,0.2,0,0.7
505,2499.7720508799,,0.2,0.25,0,0,0,0,0.5,0.1,0,0.1,0.2,0.2,0.2,0,,0.1,1,0.4,0.7,0.2,0.8,0.5,0.7
506,2499.77262414247,,0.2,0.25,0,0,0,0,0.4,0.1,0,0.1,0.2,0.2,0.2,0,,0.1,1,0.4,0.9,0.1,1,0.5,0.7
507,2499.77357646823,,0.2,0.25,0,0,0,0,0.6,0.1,0,0.1,0.2,0.2,0.2,0,,0.3,1,0.4,0.9,0.1,1,1,0.7
508,2499.77414223552,,0.2,0.75,0,0,0,0,0.3,0.5,0.1,0.1,0.2,0.2,0.2,0,,0.3,1,0.4,0.5,0.3,0.4,1,0.7
509,2499.773183994,,0.2,0.25,0,0,0,0,0.2,0.2,0,0.1,0.2,0.2,0.2,0.4,,0.3,1,0.4,0.6,0.2,1,1,0.7
511,2499.77470985055,,,0.75,0,0,0,0,0.4,0.3,0,0.1,0.2,0.2,0.2,0.3,,0.3,1,0.4,0.5,0.3,0.5,0.5,0.8
512,2499.77527168393,,,0.75,0,0,0,0,0.2,0.6,0,0.1,0.3,0.2,0.2,0.6,1,0.3,1,0.4,0.4,0.4,0.5,0.5,0.8
514,2494.62339386666,,,0.75,0,0,0,0,0,,,0.1,0.3,0.2,0.2,1,1,0.3,1,0.4,0.2,0.5,0,0.5,0.8
515,2499.77583323419,,,0.75,0,0,0,0,0,0.1,0.1,0.1,0.3,0.2,0.2,0.7,1,0.3,1,0.4,0.2,0.5,0.1,0.5,0.8
516,2499.77639089525,,,0.75,0,0,0,0,0.1,0.1,0.1,0.1,0.3,0.2,0.2,0.8,1,0.3,1,0.4,0.2,0.5,0,0.5,0.8
517,2499.7754380703,,,0.75,0,0,0,0,0,,,0.1,0.3,0.2,0.2,1,1,0.3,1,0.4,0.2,0.5,0,0.5,0.8
518,2499.77600505203,,,0.75,0,0,0,0,0,,,0.1,0.3,0.2,0.2,1,1,0.3,1,0.4,0.1,0.5,0,0.5,0.8
519,2499.77695895731,,,0,0,0,0,0,0.1,0.1,0.1,0.1,0.3,0.2,0.2,0.2,,0.3,1,0.4,0.4,0.4,0.2,0.5,0.8
520,2499.7775221765,,,0,0,0,0,0,0.1,0.2,0.1,0.1,0.3,0.2,0.2,0.1,,0.3,1,0.4,0.4,0.4,0.1,0.5,0.8
521,2499.77657125145,,,0,0,0,0,0,0,0,,0.1,0.3,0.2,0.2,0.9,1,0.3,1,0.4,0.1,0.5,0,0.5,0.8
523,2499.77808140963,,,0,0,0,0,0,0.1,0.2,0,0.1,0.3,0.2,0.2,0.1,,0.3,1,0.4,0.4,0.3,0.5,,0.8
524,2499.77865404636,,,0,0,0,0,0,0.1,0.2,0.3,0.3,0.3,0.2,0.2,0,0,0.3,1,0.4,0.4,0.4,0.1,,0.8
527,2499.77921295911,,,0,0,0,0,0,0.1,0.1,0.1,0.2,0.3,0.4,0.2,0,0,0.3,1,0.5,0.3,0.4,0.2,,0.8
531,2494.62746475637,,,0,0,0,0,0,0.1,0.4,,0,0.3,0.4,0.3,0,,0.3,1,0.5,0.4,0.4,0,0,0.8
532,2499.78257823735,,0.3,0,0,0,0,0,0.2,0.2,0,0,0.3,0.4,0.3,0,,0.3,1,0.5,0.5,0.3,0.6,0,0.8
533,2499.78313906491,,0.1,0,0,0,0,0,0.2,0.2,0,0,0.3,0.4,0.3,0,,0.3,1,0.5,0.6,0.2,0.8,0,0.8
537,2499.78369316459,,0.2,0,0,0,0,0,0.3,0.3,0.1,0,0.3,0.4,0.3,0,,0.3,1,0.5,0.6,0.3,0.7,0,0.8
538,2499.78425593674,,0.1,0,0,0,0,0,0.3,0.1,0.1,0,0.3,0.4,0.3,0,,0.3,1,0.5,0.7,0.2,1,0,0.8
541,2499.78482299298,,0.2,0,0,0,0,0,0.2,0.1,0.2,,0.3,0.4,0.3,0,,0.3,1,0.5,0.5,0.3,0.3,0.5,0.9
542,2499.78537680209,,0.1,0,0,0,0,0,0.2,0.1,0.5,,0.3,0.4,0.3,0,,0.3,1,0.5,0.7,0.2,1,0.5,0.9
545,2499.78593823314,,0.2,0,0,0,0,0,0,0.1,0.5,,0.3,0.4,0.3,0,,0.3,1,0.5,0.5,0.3,0.5,0.5,0.9
546,2499.7864972651,,0.1,0,0,0,0,0,0,0,0.1,,0.3,0.4,0.6,0,,0.3,1,0.6,0.7,0.2,1,0.5,0.9
549,2499.78705613315,,,0,0,0,0,0,0.4,0.1,0,,0.3,0.4,0.6,0,,0.3,1,0.6,0.6,0.3,0.9,0.5,0.9
550,2499.7876169011,,,0,0,0,0,0,0.1,0.1,0.1,,0.3,0.4,0.6,0,,0.3,1,0.6,0.5,0.3,0.7,0.5,0.9
553,2499.78817346692,,,0,0,0,0,0,0,0,,,0.3,0.4,0.6,0,,0.3,1,0.6,0.6,0.2,1,1,0.9
554,2499.78873438388,,,0,0,0,0,0,0,0,0,,0.3,0.4,0.6,0,,0.3,1,0.6,0.5,0.3,1,1,0.9
556,2494.63683245203,,,0,0,0,0,0,0,0,0.1,,0.3,0.4,0.6,0,,0.3,1,0.6,0.3,0.4,0.2,1,0.9
557,2499.78928719461,,,0,0,0,0,0,0,0,0.2,0.1,0.3,0.4,0.6,0,,0.3,1,0.6,0.4,0.4,0.1,1,0.9
558,2499.78985304385,,,0,0,0,0,0,0,0,0,0.1,0.3,0.4,0.6,0,,0.3,1,0.6,0.2,0.5,0,1,0.9
559,2499.78890314698,,,0,0,0,0,0,0,0,0,,0.3,0.4,0.6,0,,0.3,1,0.6,0.4,0.4,0,1,0.9
560,2499.78945342451,,,0,0,0,0,0,0,0,,0.1,0.3,0.4,0.6,0,,0.3,1,0.6,0.2,0.5,0.3,1,0.9
561,2499.79039860517,,,0,0,0,0,0,0,0,0,0.1,0.3,0.4,0.6,0,,0.3,1,0.6,0.2,0.5,0,0.5,0.9
562,2499.79096636921,,,0,0,0,0,0,0,0.1,,0.1,0.3,0.4,0.6,0.1,,0.3,1,0.6,0.2,0.5,0,0.5,0.9
563,2499.79002209753,,,0,0,0,0,0,0,0.1,0.1,0.1,0.3,0.4,0.6,0,,0.3,1,0.6,0.2,0.5,0,0.5,0.9
564,2499.79057667404,,,0,0,0,0,0,0,0,0,0.1,0.3,0.4,0.6,0,,0.3,1,0.6,0.5,0.3,0.6,0.5,0.9
565,2499.79152402282,,0.1,0,0,0,0,0,0.1,0.1,0.6,0.1,0.3,0.4,0.6,0,,0.3,1,0.6,0.4,0.4,0.2,0.5,0.9
566,2499.79207666218,,0.1,0,0,0,0,0,0,0.1,0.4,0.1,0.3,0.4,0.6,0,,0.3,1,0.6,0.5,0.3,0.6,0.5,0.9
567,2499.79112930596,,0.2,0,0,0,0,0,0,0.1,0.5,0.1,0.3,0.4,0.6,0,,0.3,1,0.6,0.6,0.3,1,0.5,0.9
568,2499.79169093072,,0.1,0,0,0,0,0,0.5,0.1,0.2,0.1,0.3,0.4,0.6,0,,0.3,1,0.6,0.8,0.1,1,0.5,0.9
569,2499.7926331982,,0.1,0,0,0,0,0,0.1,0.7,0.4,0.1,0.3,0.4,0.6,0,,0.3,1,0.6,0.5,0.3,0.8,0.5,0.9
570,2499.79319307953,,,0,0,0,0,0,0.2,0.9,0.2,0.1,0.3,0.4,0.6,0,,0.3,1,0.6,0.6,0.3,1,0.5,0.9
571,2499.79224827886,,,0,0,0,0,0,0.2,0.6,0.1,0.1,0.3,0.4,0.6,0,,0.3,1,0.6,0.4,0.3,0.4,0.5,0.9
572,2499.79280523956,,,0,0,0,0,0,0.1,0.2,0.1,0.1,0.3,0.4,0.6,0,,0.3,1,0.6,0.5,0.3,0.5,0.5,0.9
573,2499.79374303669,,,0,0,0,0,0,0,0.1,,0.3,0.3,0.4,0.6,0,,0.3,1,0.6,0.4,0.3,0,0.5,0.9
574,2499.79430827498,,,0,0,0,0,0,0.3,0.1,0,0.3,0.3,0.4,0.6,0,,0.3,1,0.6,0.8,0.1,1,0.5,0.9
575,2499.79335837811,,,0,0,0,0,0,0,,0.1,0.1,0.3,0.4,0.6,0,,0.3,1,0.6,0.6,0.3,0.4,0.5,0.9
576,2499.79391478002,,,0,0,0,0,0,0.4,0.1,0,0.3,0.3,0.4,0.6,0,,0.3,1,0.6,0.8,0.1,1,0.5,0.9
577,2499.79486145824,,,0,0,0,0,0,0.9,0.1,0,0.3,0.3,0.4,0.6,0,,0.3,1,0.6,0.8,0.1,1,,0.9
578,2499.79541310668,,,0,0,0,0,0,0.6,0,0,0.3,0.3,0.4,0.6,0,,0.3,1,0.6,0.9,0.1,1,,0.9
579,2499.79447346181,,,0,0,0,0,0,1,0.2,,0.3,0.3,0.4,0.6,0,,0.3,1,0.6,0.9,0,1,,0.9
581,2499.79596873373,,0.3,0,0,0,0,0,0,0.1,0.3,0.3,0.3,0.4,0.6,0,,0.3,1,0.6,0.7,0.2,1,,0.9
585,2493.13902091235,,,0.75,0,0.6,0,0,0,,,,0.2,0.2,0.1,0.9,,0.1,0.4,0.2,0.1,0.5,0,0,0.7
586,2498.29106300324,,,0.25,0,0,0,0,0.2,,,,0.2,0.2,0.2,0,0,0.1,1,0.4,0.3,0.4,0.3,0,0.7
587,2494.6154377684,,,0.75,0,0.6,0,0,0,,,,0.2,0.2,0.1,1,0,0.1,0.4,0.2,0.2,0.5,0,0,0.7
588,2499.7705335021,,0.2,0.75,0,0,0,0,0.1,0,0,,0.2,0.2,0.2,0.4,0,0.1,1,0.4,0.4,0.4,0.2,1,0.7
589,2499.77109596133,,0.2,0.25,0,0,0,0,0.1,0.1,0,0.1,0.2,0.2,0.2,0.4,0,0.1,1,0.4,0.4,0.4,0.4,1,0.7
590,2499.76652469851,,,0.75,0,0.5,0.3,0,0,,,,0.2,0.2,0.1,1,0,0.1,0.4,0.2,0.2,0.5,0,0,0.7
591,2499.77013605833,,0.2,0.25,0,0,0,0,0.1,0.1,0,,0.2,0.2,0.2,0.8,0,0.1,1,0.4,0.4,0.4,0.1,1,0.7
592,2499.77070210129,,,0.25,0,0,0,0,0,0,,,0.2,0.2,0.2,1,1,0.1,1,0.4,0.3,0.4,0.1,1,0.6
593,2499.77166245878,,0.1,0.25,0,0,0,0,0.1,0.1,0,0.1,0.2,0.2,0.2,0.2,,0.1,1,0.4,0.4,0.3,0.3,0.5,0.7
594,2499.77222810686,,,0.25,0,0,0,0,0.1,0.2,,0.1,0.2,0.2,0.2,0.2,1,0.1,1,0.4,0.5,0.3,0.5,0.5,0.7
595,2499.771271348,,,0.75,0,0,0,0,0,,,0.1,0.2,0.2,0.2,1,1,0.1,1,0.4,0.1,0.5,0,0.5,0.6
597,2499.7727952525,,,0.75,0,0,0,0,0,,,0.1,0.2,0.2,0.2,1,1,0.3,1,0.4,0.3,0.4,0,0.5,0.6
601,2494.6199458763,,,0.75,0,0,0,0,0,,,0.1,0.3,0.2,0.2,1,1,0.3,1,0.4,0.2,0.5,0,,0.8
602,2499.77504910529,,,0.75,0,0,0,0,0,,,0.1,0.3,0.2,0.2,1,1,0.3,1,0.4,0.1,0.5,0,,0.8
603,2499.77560759336,,,0.75,0,0,0,0,0,,,0.1,0.3,0.2,0.2,1,1,0.3,1,0.4,0.1,0.5,0,,0.8
607,2499.77617348731,,,0.75,0,0,0,0,0,,,0.1,0.3,0.2,0.2,1,1,0.3,1,0.4,0.1,0.5,0,,0.8
611,2494.63339322805,,,0,0,0,0,0,0,0.1,0.3,,0.3,0.4,0.6,0,,0.3,1,0.6,0.3,0.4,0.3,0.5,0.9
612,2499.78851214796,,,0,0,0,0,0,0.3,0.1,0.2,,0.3,0.4,0.6,0,,0.3,1,0.6,0.5,0.3,0.5,0.5,0.9
613,2499.78907158226,,,0,0,0,0,0,0.2,0.1,0.3,,0.3,0.4,0.6,0,,0.3,1,0.6,0.5,0.3,0.7,0.5,0.9
617,2499.78963145614,,0,0,0,0,0,0,0.1,0.1,0.3,0.1,0.3,0.4,0.6,0,,0.3,1,0.6,0.6,0.3,0.5,0.5,0.9
618,2499.79019010812,,0.1,0,0,0,0,0,0,0,0.1,0.1,0.3,0.4,0.6,0,,0.3,1,0.6,0.6,0.2,1,0.5,0.9
621,2499.79075136036,,0.4,0,0,0,0,0,0,0,0.6,0.1,0.3,0.4,0.6,0,,0.3,1,0.6,0.4,0.4,0.3,0.5,0.9
622,2499.79129852355,,0.1,0,0,0,0,0,0,0.1,0.3,0.1,0.3,0.4,0.6,0,,0.3,1,0.6,0.4,0.3,0.3,0.5,0.9
625,2499.79185970128,,0.1,0,0,0,0,0,0.1,0.3,0.3,0.1,0.3,0.4,0.6,0,,0.3,1,0.6,0.4,0.4,0.2,0.5,0.9
626,2499.79241843522,,0.1,0,0,0,0,0,0.2,0.1,0,0.1,0.3,0.4,0.6,0,,0.3,1,0.6,0.5,0.3,0.2,0.5,0.9
629,2499.79297246784,,,0,0,0,0,0,0.3,0,0.1,0.1,0.3,0.4,0.6,0,,0.3,1,0.6,0.8,0.1,1,0.5,0.9
630,2499.79352931678,,,0,0,0,0,0,0,0.1,0.4,0.1,0.3,0.4,0.6,0,,0.3,1,0.6,0.9,0.1,1,0.5,0.9
633,2499.79408668727,,,0,0,0,0,0,0.8,0.1,0,0.1,0.3,0.4,0.6,0,,0.3,1,0.6,1,0,1,,0.9
637,2493.13710733503,,,0.75,0,0,0.2,0,0,,,,0.2,0.2,0.1,1,,0.1,0.4,0.2,0.2,0.5,0,,0.7
638,2498.28914199024,,,0.75,0,0.3,0.7,0,0,,,,0.2,0.2,0.1,1,0,0.1,0.4,0.2,0.2,0.5,0,0,0.7
639,2494.61352424324,,,0.25,0,0.1,0.4,0,0.2,,,,0.2,0.2,0.1,0,,0.1,0.4,0.2,0.5,0.3,0.8,1,0.7
640,2499.76861033589,,0.2,0.25,0,0.1,0.5,0,0.1,,0,,0.2,0.2,0.1,0.2,0.5,0.1,0.4,0.2,0.4,0.4,0,0.5,0.6
641,2499.76917849481,,0.2,0.25,0,0.9,0.1,0,0,,0,,0.2,0.2,0.1,1,0.5,0.1,0.4,0.2,0.2,0.5,0,0.5,0.6
642,2494.61313060072,,0.2,0.25,0,0,0,0,0.2,,0.2,,0.2,0.2,0.1,0,,0.1,0.4,0.2,0.6,0.2,0.8,1,0.6
643,2499.76821217686,,0.1,0.25,0,0.4,0,0,0.2,,0,,0.2,0.2,0.1,0,1,0.1,0.4,0.2,0.5,0.3,0.4,0.5,0.6
644,2499.76878460497,,,0.75,0,1,0,0,0,,,,0.2,0.2,0.1,1,1,0.1,0.4,0.2,0.1,0.5,0,0.5,0.6
645,2499.76974281669,,0.2,0.75,0,0.7,0,0,0,0,0.1,,0.2,0.2,0.2,1,1,0.1,1,0.4,0.2,0.5,0,0.5,0.6
646,2499.77031103522,,,0.75,0,0.3,0,0,0,,0.1,,0.2,0.2,0.2,1,1,0.1,1,0.4,0.2,0.5,0,0.5,0.6
647,2499.76934361458,,,0.75,0,1,0,0,0,,,,0.2,0.2,0.2,1,1,0.1,1,0.4,0.1,0.5,0,0.5,0.6
648,2499.76991366595,,,0.75,0,1,0,0,0,,,,0.2,0.2,0.2,1,1,0.1,1,0.4,0.3,0.4,0,0.5,0.6
649,2499.77086734772,,,0.75,0,0.1,0,0,0,,0,,0.2,0.2,0.2,1,1,0.1,1,0.4,0.1,0.5,0,,0.6
651,2499.77048575133,,,0.75,0,0.7,0,0,0,,,,0.2,0.2,0.2,1,1,0.1,1,0.4,0.1,0.5,0,,0.6
653,2494.61273016036,0.1,,0.25,0,0,0,0.7,0,,0.1,,0.2,0.2,0.1,1,,0.1,0.4,0.2,0.3,0.4,0,0.5,0.6
654,2499.76782307029,0.1,,0.25,0,0.3,0,0.1,0,,,,0.2,0.2,0.1,0.1,1,0.1,0.4,0.2,0.3,0.4,0,0,0.6
655,2499.76838351786,,,0.75,0,1,0,0,0,,,,0.2,0.2,0.1,1,1,0.1,0.4,0.2,0.2,0.5,0,0,0.6
659,2499.76895694435,,,0.75,0,1,0,0,0,,,,0.2,0.2,0.2,1,1,0.1,0.4,0.2,0.1,0.5,0,,0.6
660,2499.7695222944,,,0.75,0,0.6,0,0.1,0,,0.1,,0.2,0.2,0.2,1,1,0.1,1,0.4,0.2,0.5,0,,0.6
663,2499.77008455992,,,0.75,0,0.1,0,0.8,0,,0,,0.2,0.2,0.2,1,1,0.1,1,0.4,0.1,0.5,0,,0.6
